case_id,activity,enable_time,start_time,end_time,resource
0,Packing,2012-01-02 14:50:11.901678+00:00,2012-01-02 14:50:11.901678+00:00,2012-01-02 14:50:11.901678+00:00,ID4291
1,Packing,2012-01-02 18:17:06.706479+00:00,2012-01-02 21:36:00.000000+00:00,2012-01-02 21:36:00.000000+00:00,ID4491
0,Turning & Milling,2012-01-02 19:39:13.004616+00:00,2012-01-02 21:36:00.000000+00:00,2012-01-02 21:51:00.000000+00:00,ID0937
1,Turning & Milling,2012-01-03 03:25:12.835683+00:00,2012-01-03 03:25:12.835684+00:00,2012-01-03 03:25:12.835684+00:00,ID4140
3,Packing,2012-01-03 19:13:47.818580+00:00,2012-01-04 06:24:00.000000+00:00,2012-01-04 06:24:00.000000+00:00,ID4820
2,Packing,2012-01-04 19:24:01.534243+00:00,2012-01-04 21:36:00.000000+00:00,2012-01-04 21:36:00.000000+00:00,ID4291
3,Turning & Milling,2012-01-04 20:25:47.686757+00:00,2012-01-04 21:36:00.000000+00:00,2012-01-05 06:39:00.001001+00:00,ID4162
2,Turning & Milling,2012-01-04 22:16:31.896409+00:00,2012-01-04 22:24:00.000000+00:00,2012-01-04 22:28:21.678910+00:00,ID4167
5,Packing,2012-01-04 23:43:31.117461+00:00,2012-01-04 23:43:31.117461+00:00,2012-01-04 23:43:31.117461+00:00,ID4491
4,Packing,2012-01-05 01:09:09.481286+00:00,2012-01-05 06:24:00.000000+00:00,2012-01-05 06:24:00.000000+00:00,ID4820
7,Turning,2012-01-05 04:05:37.433816+00:00,2012-01-05 06:24:00.000000+00:00,2012-01-05 06:24:00.000001+00:00,ID3718
6,Packing,2012-01-05 08:43:18.462354+00:00,2012-01-05 08:43:18.462354+00:00,2012-01-05 08:43:18.462354+00:00,ID4291
6,Turning & Milling,2012-01-05 09:23:40.537018+00:00,2012-01-05 09:23:40.537019+00:00,2012-01-05 10:38:40.537019+00:00,ID4287
5,Turning & Milling,2012-01-05 23:14:27.267702+00:00,2012-01-06 06:24:00.000000+00:00,2012-01-06 06:49:31.415317+00:00,ID4429
7,Turning Q.C.,2012-01-06 04:15:53.912434+00:00,2012-01-06 06:24:00.000000+00:00,2012-01-06 06:30:48.788416+00:00,ID4493
9,Packing,2012-01-06 05:26:35.993416+00:00,2012-01-06 06:24:00.000000+00:00,2012-01-06 06:24:00.000000+00:00,ID4491
4,Turning & Milling,2012-01-06 06:53:38.265481+00:00,2012-01-06 06:53:38.265481+00:00,2012-01-06 06:53:38.265481+00:00,ID4445
9,Turning & Milling,2012-01-06 07:48:05.649115+00:00,2012-01-06 08:00:00.000000+00:00,2012-01-06 08:45:28.109166+00:00,ID4529
8,Packing,2012-01-06 21:57:12.292451+00:00,2012-01-08 06:24:00.000000+00:00,2012-01-08 06:24:00.000000+00:00,ID4820
10,Packing,2012-01-07 22:35:08.288488+00:00,2012-01-08 06:24:00.000000+00:00,2012-01-08 06:24:00.000000+00:00,ID4291
10,Turning & Milling,2012-01-08 06:27:16.523916+00:00,2012-01-08 06:27:16.523916+00:00,2012-01-08 06:58:49.294275+00:00,ID4718
8,Turning & Milling,2012-01-08 07:00:20.693011+00:00,2012-01-08 08:00:00.000000+00:00,2012-01-08 15:24:00.000001+00:00,ID4783
10,Lapping,2012-01-08 07:38:19.380972+00:00,2012-01-08 08:00:00.000000+00:00,2012-01-08 08:59:27.550109+00:00,ID0420
10,Round Grinding,2012-01-08 08:59:27.550109+00:00,2012-01-08 08:59:27.550109+00:00,2012-01-08 10:22:27.550109+00:00,ID3854
10,Turning & Milling Q.C.,2012-01-08 10:34:33.078984+00:00,2012-01-08 10:34:33.078984+00:00,2012-01-08 10:53:49.754024+00:00,ID4163
10,Turning & Milling,2012-01-08 14:49:53.622896+00:00,2012-01-08 14:49:53.622896+00:00,2012-01-08 15:00:53.622896+00:00,ID4872
14,Flat Grinding,2012-01-09 02:21:37.106752+00:00,2012-01-09 02:24:00.000000+00:00,2012-01-09 02:24:00.000000+00:00,ID3716
12,Packing,2012-01-09 03:23:44.456434+00:00,2012-01-09 06:24:00.000000+00:00,2012-01-09 06:24:00.000000+00:00,ID4491
16,Turning,2012-01-09 07:58:58.388320+00:00,2012-01-09 08:00:00.000000+00:00,2012-01-09 08:00:00.000000+00:00,ID4442
12,Turning Q.C.,2012-01-09 08:07:54.810081+00:00,2012-01-09 18:24:00.000000+00:00,2012-01-09 18:30:05.226075+00:00,ID4618
16,Lapping,2012-01-09 15:01:49.118462+00:00,2012-01-09 16:48:00.000000+00:00,2012-01-09 21:39:00.000000+00:00,ID4355
2,Lapping,2012-01-09 16:22:07.210212+00:00,2012-01-09 16:48:00.000000+00:00,2012-01-10 03:22:58.130201+00:00,ID4528
18,Turning,2012-01-09 19:31:07.658868+00:00,2012-01-09 21:36:00.000000+00:00,2012-01-10 06:28:34.773281+00:00,ID4932
12,Turning & Milling,2012-01-09 21:56:16.586364+00:00,2012-01-10 08:48:00.000000+00:00,2012-01-10 08:48:29.022529+00:00,ID4794
12,Turning & Milling,2012-01-09 21:56:16.586364+00:00,2012-01-10 00:48:00.000000+00:00,2012-01-10 00:49:23.655466+00:00,ID0997
16,Final Inspection Q.C.,2012-01-09 22:17:43.805342+00:00,2012-01-09 22:24:00.000000+00:00,2012-01-09 22:27:44.168815+00:00,ID4287
17,Packing,2012-01-10 02:27:01.126916+00:00,2012-01-10 06:24:00.000000+00:00,2012-01-10 06:24:00.000000+00:00,ID4820
19,Turning,2012-01-10 02:51:51.935179+00:00,2012-01-10 22:24:00.000000+00:00,2012-01-10 22:25:44.881414+00:00,ID3846
15,Packing,2012-01-10 03:31:30.489027+00:00,2012-01-10 03:31:30.489027+00:00,2012-01-10 03:31:30.489027+00:00,ID4291
13,Packing,2012-01-10 03:33:29.728447+00:00,2012-01-10 03:33:29.728447+00:00,2012-01-10 03:33:29.728447+00:00,ID4491
13,Turning Q.C.,2012-01-10 03:49:18.128661+00:00,2012-01-10 03:49:18.128661+00:00,2012-01-10 06:29:39.896217+00:00,ID4493
15,Turning & Milling,2012-01-10 05:18:07.666094+00:00,2012-01-10 06:24:00.000000+00:00,2012-01-10 06:39:00.000000+00:00,ID0937
13,Turning & Milling,2012-01-10 06:53:28.965779+00:00,2012-01-10 23:12:00.000000+00:00,2012-01-10 23:12:02.810323+00:00,ID4132
13,Turning & Milling,2012-01-10 07:31:36.070367+00:00,2012-01-10 08:00:00.000000+00:00,2012-01-10 08:00:00.000000+00:00,ID4140
2,Final Inspection Q.C.,2012-01-10 08:37:49.539559+00:00,2012-01-10 08:37:49.539559+00:00,2012-01-10 09:19:39.593989+00:00,ID4163
12,Lapping,2012-01-10 08:48:29.061449+00:00,2012-01-10 08:48:29.061450+00:00,2012-01-10 08:52:42.398898+00:00,ID4882
14,Lapping,2012-01-10 13:00:46.124670+00:00,2012-01-10 18:24:00.000000+00:00,2012-01-10 18:25:54.627743+00:00,ID0998
11,Packing,2012-01-10 15:28:55.111338+00:00,2012-01-10 15:28:55.111337+00:00,2012-01-10 15:28:55.111337+00:00,ID4291
2,Packing,2012-01-10 16:17:49.026898+00:00,2012-01-10 16:17:49.026899+00:00,2012-01-10 16:17:49.026899+00:00,ID4491
11,Turning & Milling,2012-01-10 19:57:54.473487+00:00,2012-01-10 22:24:00.000000+00:00,2012-01-10 22:24:01.205968+00:00,ID4641
23,Flat Grinding,2012-01-10 20:06:54.610703+00:00,2012-01-10 20:06:54.610703+00:00,2012-01-10 20:06:54.610703+00:00,ID0420
23,Final Inspection Q.C.,2012-01-10 20:32:14.618597+00:00,2012-01-11 13:36:00.000000+00:00,2012-01-11 13:36:00.378456+00:00,ID4618
19,Turning Q.C.,2012-01-10 22:28:46.553714+00:00,2012-01-10 22:28:46.553714+00:00,2012-01-11 02:50:04.105379+00:00,ID4287
13,Lapping,2012-01-10 23:13:18.529442+00:00,2012-01-11 02:24:00.000000+00:00,2012-01-11 02:56:00.000000+00:00,ID4445
12,Round Grinding,2012-01-11 00:34:17.533430+00:00,2012-01-11 02:24:00.000000+00:00,2012-01-11 02:24:37.327138+00:00,ID4109
13,Round Grinding,2012-01-11 02:57:24.664736+00:00,2012-01-11 02:57:24.664736+00:00,2012-01-11 04:44:40.799519+00:00,ID4160
12,Turning,2012-01-11 03:08:27.653062+00:00,2012-01-11 16:00:00.000000+00:00,2012-01-11 16:10:52.179339+00:00,ID4219
2,Turning Q.C.,2012-01-11 05:20:50.437950+00:00,2012-01-11 06:24:00.000000+00:00,2012-01-11 06:52:37.960029+00:00,ID4493
17,Turning & Milling,2012-01-11 07:51:53.405904+00:00,2012-01-11 08:00:00.000000+00:00,2012-01-11 11:17:26.558686+00:00,ID4167
25,Turning,2012-01-11 09:54:05.371805+00:00,2012-01-11 11:12:00.000000+00:00,2012-01-11 11:12:00.000001+00:00,ID3718
24,Packing,2012-01-11 13:23:34.356176+00:00,2012-01-12 06:24:00.000000+00:00,2012-01-12 06:24:00.000000+00:00,ID4820
22,Turning,2012-01-11 15:08:58.376343+00:00,2012-01-11 16:48:00.000000+00:00,2012-01-11 18:48:00.000000+00:00,ID4429
13,Turning & Milling Q.C.,2012-01-11 15:48:42.415009+00:00,2012-01-11 16:48:00.000000+00:00,2012-01-11 18:27:00.000000+00:00,ID4529
13,Flat Grinding,2012-01-11 18:39:58.306714+00:00,2012-01-11 18:39:58.306713+00:00,2012-01-11 21:36:04.391921+00:00,ID4872
13,Turning & Milling,2012-01-11 19:47:49.548795+00:00,2012-01-11 21:36:00.000000+00:00,2012-01-12 06:39:00.001001+00:00,ID4162
25,Turning Q.C.,2012-01-11 20:22:42.752853+00:00,2012-01-11 21:36:00.000000+00:00,2012-01-11 22:32:01.367610+00:00,ID4287
25,Flat Grinding,2012-01-11 23:33:09.372944+00:00,2012-01-11 23:33:09.372945+00:00,2012-01-11 23:33:09.372945+00:00,ID3716
25,Lapping,2012-01-11 23:56:53.481693+00:00,2012-01-11 23:56:53.481693+00:00,2012-01-12 00:59:53.482693+00:00,ID4355
25,Round Grinding,2012-01-12 00:59:53.486821+00:00,2012-01-16 06:24:00.000000+00:00,2012-01-16 06:24:00.258761+00:00,ID4385
14,Final Inspection Q.C.,2012-01-12 06:37:17.835527+00:00,2012-01-12 06:37:17.835527+00:00,2012-01-12 08:00:24.255447+00:00,ID4163
20,Packing,2012-01-12 15:03:29.743927+00:00,2012-01-12 15:03:29.743927+00:00,2012-01-12 15:03:29.743927+00:00,ID4291
24,Turning Q.C.,2012-01-12 17:23:28.927184+00:00,2012-01-12 17:23:28.927184+00:00,2012-01-12 18:11:44.882119+00:00,ID4493
18,Turning Q.C.,2012-01-12 17:48:41.428391+00:00,2012-01-13 14:24:00.000000+00:00,2012-01-13 14:40:18.641149+00:00,ID4618
24,Turning & Milling,2012-01-12 18:53:07.429380+00:00,2012-01-12 18:53:07.429379+00:00,2012-01-12 19:27:48.684893+00:00,ID4718
18,Flat Grinding,2012-01-13 14:47:47.705126+00:00,2012-01-13 19:12:00.000000+00:00,2012-01-13 19:27:00.000000+00:00,ID4528
22,Lapping,2012-01-13 20:40:39.221260+00:00,2012-01-14 00:48:00.000000+00:00,2012-01-14 16:03:00.000000+00:00,ID0937
21,Packing,2012-01-14 11:06:58.686436+00:00,2012-01-14 16:00:00.000000+00:00,2012-01-14 16:00:00.000000+00:00,ID4491
21,Turning & Milling,2012-01-14 17:15:39.574945+00:00,2012-01-14 17:15:39.574944+00:00,2012-01-15 11:15:39.574945+00:00,ID4783
27,Packing,2012-01-14 19:14:39.205408+00:00,2012-01-15 06:24:00.000000+00:00,2012-01-15 06:24:00.000000+00:00,ID4820
28,Packing,2012-01-14 23:00:47.743061+00:00,2012-01-15 06:24:00.000000+00:00,2012-01-15 06:24:00.000000+00:00,ID4291
26,Packing,2012-01-15 01:01:46.256365+00:00,2012-01-15 06:24:00.000000+00:00,2012-01-15 06:24:00.000000+00:00,ID4491
26,Turning & Milling,2012-01-15 06:38:40.009976+00:00,2012-01-16 17:36:00.000000+00:00,2012-01-16 17:37:10.990777+00:00,ID0997
27,Turning & Milling,2012-01-15 08:00:32.073073+00:00,2012-01-15 08:00:32.073073+00:00,2012-01-15 10:30:30.451200+00:00,ID4932
28,Turning & Milling,2012-01-15 08:04:26.133196+00:00,2012-01-15 08:04:26.133196+00:00,2012-01-15 08:04:26.133196+00:00,ID4140
28,Lapping,2012-01-15 10:01:09.296472+00:00,2012-01-15 10:01:09.296472+00:00,2012-01-15 10:33:24.812012+00:00,ID4882
18,Final Inspection Q.C.,2012-01-15 11:24:49.396594+00:00,2012-01-15 11:24:49.396594+00:00,2012-01-15 12:30:59.680472+00:00,ID4287
21,Lapping,2012-01-15 20:59:44.912482+00:00,2012-01-15 23:12:00.000000+00:00,2012-01-15 23:37:14.761520+00:00,ID0998
21,Round Grinding,2012-01-15 23:47:23.285249+00:00,2012-01-16 02:24:00.000000+00:00,2012-01-16 08:11:00.000000+00:00,ID3854
28,Final Inspection Q.C.,2012-01-16 06:36:08.329977+00:00,2012-01-16 06:36:08.329978+00:00,2012-01-16 06:57:04.189131+00:00,ID4163
21,Final Inspection Q.C.,2012-01-16 09:28:19.996107+00:00,2012-01-16 13:36:00.000000+00:00,2012-01-16 22:58:01.451649+00:00,ID4493
20,Turning & Milling,2012-01-16 11:14:31.910052+00:00,2012-01-16 13:36:00.000000+00:00,2012-01-16 13:36:00.013329+00:00,ID4794
12,Turning Q.C.,2012-01-16 15:35:24.407599+00:00,2012-01-16 18:24:00.000000+00:00,2012-01-16 18:25:42.946657+00:00,ID4618
20,Milling,2012-01-16 18:58:30.411484+00:00,2012-01-16 21:36:00.000000+00:00,2012-01-17 08:22:38.222636+00:00,ID4873
12,Turning & Milling,2012-01-16 19:16:15.695417+00:00,2012-01-17 17:36:00.000000+00:00,2012-01-17 17:36:27.541369+00:00,ID4641
29,Packing,2012-01-16 22:39:59.720805+00:00,2012-01-16 22:39:59.720805+00:00,2012-01-16 22:39:59.720805+00:00,ID4291
30,Packing,2012-01-17 07:28:21.199105+00:00,2012-01-17 08:00:00.000000+00:00,2012-01-17 08:00:00.000000+00:00,ID4491
12,Turning & Milling,2012-01-17 09:40:55.580958+00:00,2012-01-17 22:24:00.000000+00:00,2012-01-18 00:15:55.338178+00:00,ID3846
30,Turning & Milling,2012-01-17 09:48:21.179623+00:00,2012-01-17 23:12:00.000000+00:00,2012-01-17 23:12:00.473688+00:00,ID4132
20,Grinding Rework,2012-01-17 11:00:00.048252+00:00,2012-01-17 11:00:00.048253+00:00,2012-01-17 11:29:09.059682+00:00,ID4872
25,Final Inspection Q.C.,2012-01-17 11:09:07.376121+00:00,2012-01-17 11:09:07.376120+00:00,2012-01-17 11:26:19.168588+00:00,ID4287
20,Final Inspection Q.C.,2012-01-17 14:30:24.597937+00:00,2012-01-17 14:30:24.597936+00:00,2012-01-17 14:43:13.243405+00:00,ID4163
20,Packing,2012-01-17 15:30:09.048604+00:00,2012-01-18 06:24:00.000000+00:00,2012-01-18 06:24:00.000000+00:00,ID4820
10,Grinding Rework,2012-01-17 22:23:19.961344+00:00,2012-01-17 22:24:00.000000+00:00,2012-01-18 06:57:46.695533+00:00,ID4355
31,Packing,2012-01-18 08:28:15.407947+00:00,2012-01-18 08:28:15.407947+00:00,2012-01-18 08:28:15.407947+00:00,ID4291
31,Turning & Milling,2012-01-18 10:58:53.690950+00:00,2012-01-18 11:12:00.000000+00:00,2012-01-18 11:12:00.000000+00:00,ID4445
10,Final Inspection Q.C.,2012-01-18 13:51:06.273121+00:00,2012-01-18 13:51:06.273121+00:00,2012-01-18 13:53:52.289790+00:00,ID4618
10,Turning & Milling,2012-01-18 15:57:41.163141+00:00,2012-01-18 16:48:00.000000+00:00,2012-01-18 18:33:36.853559+00:00,ID4167
32,Packing,2012-01-18 17:11:25.925573+00:00,2012-01-18 18:24:00.000000+00:00,2012-01-18 18:24:00.000000+00:00,ID4491
32,Turning & Milling,2012-01-18 19:09:39.871298+00:00,2012-01-19 23:12:00.000000+00:00,2012-01-19 23:18:37.303849+00:00,ID4219
35,Packing,2012-01-18 21:14:38.037719+00:00,2012-01-19 06:24:00.000000+00:00,2012-01-19 06:24:00.000000+00:00,ID4820
10,Lapping,2012-01-18 22:35:26.623153+00:00,2012-01-18 22:35:26.623153+00:00,2012-01-18 23:44:24.848216+00:00,ID0420
29,Turning & Milling,2012-01-18 23:55:56.872079+00:00,2012-01-18 23:55:56.872078+00:00,2012-01-18 23:58:43.703884+00:00,ID4529
20,Turning & Milling,2012-01-19 00:44:52.138093+00:00,2012-01-19 00:48:00.000000+00:00,2012-01-19 06:39:13.323712+00:00,ID4429
20,Turning & Milling Q.C.,2012-01-19 04:17:50.853434+00:00,2012-01-19 06:24:00.000000+00:00,2012-01-19 06:39:00.000000+00:00,ID0937
35,Turning & Milling,2012-01-19 06:36:59.467454+00:00,2012-01-19 06:36:59.467454+00:00,2012-01-19 10:15:59.467455+00:00,ID4162
34,Packing,2012-01-19 12:04:40.402238+00:00,2012-01-19 12:04:40.402238+00:00,2012-01-19 12:04:40.402238+00:00,ID4291
34,Turning & Milling,2012-01-19 14:11:42.124803+00:00,2012-01-19 14:11:42.124803+00:00,2012-01-19 14:13:14.872578+00:00,ID4718
10,Final Inspection Q.C.,2012-01-19 19:16:30.085037+00:00,2012-01-19 19:16:30.085037+00:00,2012-01-19 20:19:51.380891+00:00,ID4493
10,Turning & Milling,2012-01-20 01:33:20.940940+00:00,2012-01-20 06:24:00.000000+00:00,2012-01-20 06:24:00.000000+00:00,ID4140
22,Final Inspection Q.C.,2012-01-20 09:58:40.530455+00:00,2012-01-20 13:36:00.000000+00:00,2012-01-20 19:16:05.255414+00:00,ID4287
13,Grinding Rework,2012-01-20 11:41:23.734605+00:00,2012-01-20 13:36:00.000000+00:00,2012-01-20 13:45:08.180900+00:00,ID4528
13,Turning & Milling,2012-01-20 15:45:51.760183+00:00,2012-01-20 19:12:00.000000+00:00,2012-01-21 17:54:26.846058+00:00,ID4932
22,Packing,2012-01-20 22:16:39.837261+00:00,2012-01-21 00:48:00.000000+00:00,2012-01-21 00:48:00.000000+00:00,ID4491
36,Packing,2012-01-20 22:19:07.168165+00:00,2012-01-22 06:24:00.000000+00:00,2012-01-22 06:24:00.000000+00:00,ID4820
37,Packing,2012-01-21 04:34:23.357548+00:00,2012-01-21 16:00:00.000000+00:00,2012-01-21 16:00:00.000000+00:00,ID4291
37,Turning & Milling,2012-01-21 16:36:30.637216+00:00,2012-01-21 16:36:30.637217+00:00,2012-01-22 10:36:30.637218+00:00,ID4783
36,Turning & Milling,2012-01-22 07:13:36.550620+00:00,2012-01-23 13:36:00.000000+00:00,2012-01-23 13:48:01.705120+00:00,ID4794
33,Packing,2012-01-22 08:41:57.521709+00:00,2012-01-22 08:41:57.521709+00:00,2012-01-22 08:41:57.521709+00:00,ID4491
38,Packing,2012-01-22 09:04:31.813735+00:00,2012-01-22 09:04:31.813734+00:00,2012-01-22 09:04:31.813734+00:00,ID4291
38,Turning & Milling,2012-01-22 09:05:35.776156+00:00,2012-01-23 17:36:00.000000+00:00,2012-01-24 00:55:24.754932+00:00,ID0997
13,Nitration Q.C.,2012-01-22 13:33:56.936988+00:00,2012-01-22 21:36:00.000000+00:00,2012-01-22 21:39:00.000000+00:00,ID4618
33,Turning & Milling,2012-01-22 13:48:57.923109+00:00,2012-01-22 13:48:57.923109+00:00,2012-01-22 13:59:57.923109+00:00,ID4872
41,Flat Grinding,2012-01-22 21:00:17.176073+00:00,2012-01-22 22:24:00.000000+00:00,2012-01-22 22:24:00.000000+00:00,ID3716
41,Final Inspection Q.C.,2012-01-23 05:55:27.503478+00:00,2012-01-23 06:24:00.000000+00:00,2012-01-23 06:26:54.059527+00:00,ID4163
42,Packing,2012-01-23 16:04:37.086388+00:00,2012-01-24 06:24:00.000000+00:00,2012-01-24 06:24:00.000000+00:00,ID4820
42,Turning & Milling,2012-01-24 08:44:13.010123+00:00,2012-01-24 17:36:00.000000+00:00,2012-01-24 17:36:55.684011+00:00,ID4641
13,Laser Marking,2012-01-24 16:55:57.180580+00:00,2012-01-24 16:55:57.180580+00:00,2012-01-24 16:57:53.471862+00:00,ID4882
45,Packing,2012-01-24 17:30:12.563403+00:00,2012-01-24 17:30:12.563403+00:00,2012-01-24 17:30:12.563403+00:00,ID4491
45,Turning & Milling,2012-01-25 02:25:17.924332+00:00,2012-01-25 02:25:17.924332+00:00,2012-01-25 02:26:18.036549+00:00,ID4132
44,Flat Grinding,2012-01-25 10:33:47.768170+00:00,2012-01-26 17:36:00.000000+00:00,2012-01-26 17:37:34.168336+00:00,ID0998
47,Packing,2012-01-25 12:31:55.289766+00:00,2012-01-25 13:36:00.000000+00:00,2012-01-25 13:36:00.000000+00:00,ID4291
43,Packing,2012-01-25 12:37:36.933145+00:00,2012-01-26 06:24:00.000000+00:00,2012-01-26 06:24:00.000000+00:00,ID4820
40,Packing,2012-01-25 17:18:11.957025+00:00,2012-01-25 18:24:00.000000+00:00,2012-01-25 18:24:00.000000+00:00,ID4491
40,Turning & Milling,2012-01-25 22:25:18.956250+00:00,2012-01-27 13:36:00.000000+00:00,2012-01-27 13:50:35.786346+00:00,ID3846
48,Packing,2012-01-26 06:41:39.624710+00:00,2012-01-26 06:41:39.624710+00:00,2012-01-26 06:41:39.624710+00:00,ID4291
43,Turning & Milling,2012-01-26 08:28:09.548478+00:00,2012-01-26 08:28:09.548479+00:00,2012-01-26 08:28:09.548479+00:00,ID4445
48,Turning & Milling,2012-01-26 08:41:13.504258+00:00,2012-01-26 08:41:13.504258+00:00,2012-01-26 09:27:28.028166+00:00,ID4167
49,Packing,2012-01-26 09:57:17.329977+00:00,2012-01-26 09:57:17.329977+00:00,2012-01-26 09:57:17.329977+00:00,ID4491
47,Turning & Milling,2012-01-26 11:32:49.571856+00:00,2012-01-26 11:32:49.571856+00:00,2012-01-26 12:37:36.906903+00:00,ID4529
44,Turn & Mill. & Screw Assem,2012-01-26 18:14:45.436962+00:00,2012-01-26 18:14:45.436962+00:00,2012-01-26 19:24:45.436962+00:00,ID4932
49,Turning & Milling,2012-01-26 20:37:35.068453+00:00,2012-01-26 20:37:35.068453+00:00,2012-01-26 22:28:35.068453+00:00,ID0937
51,Packing,2012-01-26 23:36:48.846386+00:00,2012-01-27 06:24:00.000000+00:00,2012-01-27 06:24:00.000000+00:00,ID4820
44,Turning & Milling Q.C.,2012-01-27 01:17:06.425066+00:00,2012-01-27 06:24:00.000000+00:00,2012-01-27 08:29:27.329979+00:00,ID4493
39,Packing,2012-01-27 10:52:37.336402+00:00,2012-01-27 13:36:00.000000+00:00,2012-01-27 13:36:00.000000+00:00,ID4291
40,Lapping,2012-01-27 13:51:44.285008+00:00,2012-01-27 13:51:44.285008+00:00,2012-01-27 19:18:44.285008+00:00,ID4355
39,Turning & Milling,2012-01-27 14:34:43.294201+00:00,2012-01-27 19:12:00.000000+00:00,2012-01-27 19:31:00.317620+00:00,ID4429
51,Turning & Milling,2012-01-27 20:23:27.837118+00:00,2012-01-28 00:48:00.000000+00:00,2012-01-28 18:27:00.000001+00:00,ID4162
50,Packing,2012-01-27 22:27:25.577780+00:00,2012-01-28 00:48:00.000000+00:00,2012-01-28 00:48:00.000000+00:00,ID4491
50,Turning & Milling,2012-01-28 01:34:46.675833+00:00,2012-01-28 16:00:00.000000+00:00,2012-01-28 16:24:59.883989+00:00,ID4718
40,Final Inspection Q.C.,2012-01-28 19:05:51.635316+00:00,2012-01-28 19:05:51.635315+00:00,2012-01-28 19:10:52.666842+00:00,ID4287
50,Lapping,2012-01-28 20:04:25.550792+00:00,2012-01-28 20:04:25.550792+00:00,2012-01-29 06:45:54.479701+00:00,ID0420
46,Packing,2012-01-29 02:02:48.019413+00:00,2012-01-29 06:24:00.000000+00:00,2012-01-29 06:24:00.000000+00:00,ID4820
50,Final Inspection Q.C.,2012-01-29 08:09:44.913878+00:00,2012-01-29 21:36:00.000000+00:00,2012-01-29 21:36:00.003937+00:00,ID4618
46,Turning & Milling,2012-01-29 10:35:16.221837+00:00,2012-01-29 13:36:00.000000+00:00,2012-01-29 13:38:41.830859+00:00,ID4219
52,Packing,2012-01-29 20:10:38.814117+00:00,2012-01-29 22:24:00.000000+00:00,2012-01-29 22:24:00.000000+00:00,ID4291
53,Packing,2012-01-29 20:42:19.795925+00:00,2012-01-29 22:24:00.000000+00:00,2012-01-29 22:24:00.000000+00:00,ID4491
53,Turning & Milling,2012-01-30 00:25:58.312391+00:00,2012-01-30 02:24:00.000000+00:00,2012-01-30 02:24:00.000000+00:00,ID4140
47,Lapping,2012-01-30 11:16:59.620795+00:00,2012-01-30 13:36:00.000000+00:00,2012-01-30 14:57:26.483979+00:00,ID4528
47,Round Grinding,2012-01-30 14:57:26.669337+00:00,2012-01-30 14:57:26.669338+00:00,2012-01-30 16:48:35.159785+00:00,ID4109
47,Grinding Rework,2012-01-30 19:37:27.142880+00:00,2012-01-30 23:12:00.000000+00:00,2012-01-30 23:54:59.999001+00:00,ID4385
55,Packing,2012-01-30 19:56:11.907014+00:00,2012-01-31 06:24:00.000000+00:00,2012-01-31 06:24:00.000000+00:00,ID4820
47,Turning & Milling,2012-01-30 20:50:28.935017+00:00,2012-01-30 21:36:00.000000+00:00,2012-01-31 13:00:00.000001+00:00,ID4783
56,Packing,2012-01-30 21:29:16.224356+00:00,2012-01-30 21:36:00.000000+00:00,2012-01-30 21:36:00.000000+00:00,ID4491
56,Turning & Milling,2012-01-30 23:14:25.086767+00:00,2012-01-31 03:12:00.000000+00:00,2012-01-31 03:23:00.000000+00:00,ID4872
47,Lapping,2012-01-30 23:58:01.135686+00:00,2012-01-31 03:12:00.000000+00:00,2012-01-31 03:12:57.531058+00:00,ID4882
57,Packing,2012-01-31 01:05:36.305280+00:00,2012-01-31 03:12:00.000000+00:00,2012-01-31 03:12:00.000000+00:00,ID4291
52,Turning & Milling,2012-01-31 09:15:17.632124+00:00,2012-01-31 12:48:00.000000+00:00,2012-01-31 12:48:59.670895+00:00,ID4794
47,Final Inspection Q.C.,2012-01-31 11:30:50.410779+00:00,2012-01-31 11:30:50.410779+00:00,2012-01-31 12:27:20.394229+00:00,ID4163
58,Packing,2012-01-31 16:49:54.118014+00:00,2012-01-31 16:49:54.118014+00:00,2012-01-31 16:49:54.118014+00:00,ID4491
59,Change Version,2012-01-31 20:14:36.968965+00:00,2012-02-01 13:36:00.000000+00:00,2012-02-01 21:37:34.622995+00:00,ID4890
58,Turning & Milling,2012-01-31 21:41:21.975307+00:00,2012-02-01 22:24:00.000000+00:00,2012-02-02 00:50:54.320394+00:00,ID0997
54,Packing,2012-02-01 03:36:20.871353+00:00,2012-02-01 03:36:20.871353+00:00,2012-02-01 03:36:20.871353+00:00,ID4291
54,Turning & Milling,2012-02-01 06:58:50.920916+00:00,2012-02-02 09:36:00.000000+00:00,2012-02-02 09:41:40.955366+00:00,ID4641
57,Turning Q.C.,2012-02-01 10:58:46.647968+00:00,2012-02-01 11:12:00.000000+00:00,2012-02-01 11:30:29.412991+00:00,ID4493
57,Turning & Milling,2012-02-01 12:09:01.741615+00:00,2012-02-02 15:12:00.000000+00:00,2012-02-02 15:12:01.105758+00:00,ID4132
57,Turning & Milling,2012-02-01 12:17:21.166817+00:00,2012-02-01 13:36:00.000000+00:00,2012-02-01 13:36:00.000000+00:00,ID4445
47,Turning & Milling Q.C.,2012-02-01 15:18:41.718892+00:00,2012-02-01 16:48:00.000000+00:00,2012-02-01 18:41:00.000000+00:00,ID4167
47,Packing,2012-02-01 15:50:55.366721+00:00,2012-02-02 06:24:00.000000+00:00,2012-02-02 06:24:00.000000+00:00,ID4820
47,Turning & Milling,2012-02-02 06:35:03.916588+00:00,2012-02-02 06:35:03.916589+00:00,2012-02-02 10:24:53.933376+00:00,ID4529
61,Packing,2012-02-02 08:37:21.503607+00:00,2012-02-02 08:37:21.503607+00:00,2012-02-02 08:37:21.503607+00:00,ID4491
61,Turning & Milling,2012-02-02 15:02:40.330219+00:00,2012-02-02 15:02:40.330219+00:00,2012-02-02 18:46:42.402898+00:00,ID4932
60,Packing,2012-02-02 17:36:14.405781+00:00,2012-02-02 17:36:14.405781+00:00,2012-02-02 17:36:14.405781+00:00,ID4291
60,Turning & Milling,2012-02-02 23:55:07.228861+00:00,2012-02-03 06:24:00.000000+00:00,2012-02-03 06:39:00.000000+00:00,ID0937
55,Turning Q.C.,2012-02-03 01:48:45.113944+00:00,2012-02-03 06:24:00.000000+00:00,2012-02-03 06:49:55.442355+00:00,ID4287
55,Turning & Milling,2012-02-03 07:51:51.053108+00:00,2012-02-03 13:36:00.000000+00:00,2012-02-03 13:36:22.498463+00:00,ID3846
55,Turning & Milling,2012-02-03 07:57:16.575417+00:00,2012-02-03 08:00:00.000000+00:00,2012-02-03 08:35:02.549346+00:00,ID4429
59,Final Inspection Q.C.,2012-02-04 11:41:46.340463+00:00,2012-02-05 21:36:00.000000+00:00,2012-02-05 21:36:55.692663+00:00,ID4618
51,Lapping,2012-02-04 16:01:40.491368+00:00,2012-02-05 23:12:00.000000+00:00,2012-02-05 23:12:07.348218+00:00,ID0998
51,Round Grinding,2012-02-05 23:16:16.627071+00:00,2012-02-06 02:24:00.000000+00:00,2012-02-06 08:09:34.292857+00:00,ID4160
59,Packing,2012-02-06 05:50:32.680919+00:00,2012-02-06 06:24:00.000000+00:00,2012-02-06 06:24:00.000000+00:00,ID4820
59,Turning & Milling,2012-02-06 07:32:06.409594+00:00,2012-02-06 08:00:00.000000+00:00,2012-02-06 14:44:56.217458+00:00,ID4718
51,Grinding Rework,2012-02-06 09:07:06.610683+00:00,2012-02-06 13:36:00.000000+00:00,2012-02-06 14:51:41.299332+00:00,ID4355
51,Turning & Milling Q.C.,2012-02-06 13:49:14.241001+00:00,2012-02-06 13:49:14.241001+00:00,2012-02-07 03:36:51.726700+00:00,ID4163
51,Turning & Milling,2012-02-06 14:07:14.445906+00:00,2012-02-06 14:24:00.000000+00:00,2012-02-07 06:27:00.000001+00:00,ID4162
51,Final Inspection Q.C.,2012-02-06 16:56:28.076668+00:00,2012-02-06 16:56:28.076668+00:00,2012-02-06 21:46:43.597626+00:00,ID4493
62,Packing,2012-02-07 16:33:00.966606+00:00,2012-02-07 16:33:00.966606+00:00,2012-02-07 16:33:00.966606+00:00,ID4491
62,Turning & Milling,2012-02-07 16:38:06.512335+00:00,2012-02-08 00:48:00.000000+00:00,2012-02-08 00:48:03.699977+00:00,ID4219
65,Packing,2012-02-07 16:46:33.045380+00:00,2012-02-07 16:46:33.045380+00:00,2012-02-07 16:46:33.045380+00:00,ID4291
65,Turning & Milling,2012-02-07 18:17:38.200013+00:00,2012-02-07 18:17:38.200012+00:00,2012-02-07 18:17:38.200012+00:00,ID4140
64,Packing,2012-02-08 03:04:19.929779+00:00,2012-02-08 06:24:00.000000+00:00,2012-02-08 06:24:00.000000+00:00,ID4820
66,Packing,2012-02-08 04:20:07.354246+00:00,2012-02-08 04:20:07.354247+00:00,2012-02-08 04:20:07.354247+00:00,ID4491
66,Turning & Milling,2012-02-08 05:16:33.972718+00:00,2012-02-08 06:24:00.000000+00:00,2012-02-08 06:35:00.000000+00:00,ID4872
64,Turning & Milling,2012-02-08 07:49:50.557056+00:00,2012-02-08 12:48:00.000000+00:00,2012-02-08 16:12:47.478949+00:00,ID4794
68,Packing,2012-02-08 10:20:34.339032+00:00,2012-02-08 11:12:00.000000+00:00,2012-02-08 11:12:00.000000+00:00,ID4291
67,Turning,2012-02-08 12:08:47.293422+00:00,2012-02-08 13:36:00.000000+00:00,2012-02-08 13:36:00.000000+00:00,ID4442
69,Packing,2012-02-08 18:52:50.792985+00:00,2012-02-08 18:52:50.792985+00:00,2012-02-08 18:52:50.792985+00:00,ID4491
51,Turning & Milling,2012-02-08 21:55:24.687181+00:00,2012-02-08 21:55:24.687181+00:00,2012-02-09 12:43:24.688182+00:00,ID4783
69,Turning & Milling,2012-02-08 23:33:57.791413+00:00,2012-02-08 23:33:57.791413+00:00,2012-02-08 23:33:57.791413+00:00,ID4445
68,Turning & Milling,2012-02-09 07:47:59.047968+00:00,2012-02-09 08:00:00.000000+00:00,2012-02-09 10:17:37.857166+00:00,ID4167
65,Lapping,2012-02-09 14:28:59.868136+00:00,2012-02-09 14:28:59.868135+00:00,2012-02-09 15:44:23.085030+00:00,ID0420
72,Packing,2012-02-09 19:18:37.867395+00:00,2012-02-10 06:24:00.000000+00:00,2012-02-10 06:24:00.000000+00:00,ID4820
63,Packing,2012-02-10 06:49:41.594259+00:00,2012-02-10 06:49:41.594259+00:00,2012-02-10 06:49:41.594259+00:00,ID4291
72,Turning & Milling,2012-02-10 07:20:06.932162+00:00,2012-02-10 13:36:00.000000+00:00,2012-02-10 13:39:25.050439+00:00,ID0997
65,Final Inspection Q.C.,2012-02-10 09:25:36.292722+00:00,2012-02-10 13:36:00.000000+00:00,2012-02-10 19:17:50.042219+00:00,ID4287
63,Turning & Milling,2012-02-10 15:54:02.669757+00:00,2012-02-12 09:36:00.000000+00:00,2012-02-12 09:36:02.316276+00:00,ID4641
67,Turning Q.C.,2012-02-10 17:46:10.497577+00:00,2012-02-10 18:24:00.000000+00:00,2012-02-10 18:24:28.442617+00:00,ID4618
67,Flat Grinding,2012-02-10 18:24:28.554071+00:00,2012-02-10 19:12:00.000000+00:00,2012-02-10 19:12:00.000000+00:00,ID3716
67,Turn & Mill. & Screw Assem,2012-02-11 10:10:35.866499+00:00,2012-02-11 16:00:00.000000+00:00,2012-02-11 17:10:00.000000+00:00,ID4932
47,Lapping,2012-02-13 08:02:19.280497+00:00,2012-02-13 08:02:19.280497+00:00,2012-02-13 13:52:46.163059+00:00,ID4528
75,Packing,2012-02-13 09:00:11.100111+00:00,2012-02-13 13:36:00.000000+00:00,2012-02-13 13:36:00.000000+00:00,ID4491
70,Packing,2012-02-13 12:10:35.668245+00:00,2012-02-14 06:24:00.000000+00:00,2012-02-14 06:24:00.000000+00:00,ID4820
47,Final Inspection Q.C.,2012-02-13 15:01:05.849579+00:00,2012-02-13 16:48:00.000000+00:00,2012-02-14 03:34:14.006902+00:00,ID4493
47,Turning & Milling,2012-02-14 04:06:18.273291+00:00,2012-02-14 06:24:00.000000+00:00,2012-02-14 08:20:02.769895+00:00,ID4529
75,Turning & Milling,2012-02-14 04:54:36.889341+00:00,2012-02-14 23:12:00.000000+00:00,2012-02-14 23:12:00.105930+00:00,ID4132
78,Packing,2012-02-14 05:46:19.338350+00:00,2012-02-14 06:24:00.000000+00:00,2012-02-14 06:24:00.000000+00:00,ID4291
70,Turning & Milling,2012-02-14 06:33:33.370656+00:00,2012-02-14 06:33:33.370656+00:00,2012-02-14 06:48:33.370656+00:00,ID0937
71,Packing,2012-02-14 08:58:29.737801+00:00,2012-02-14 08:58:29.737801+00:00,2012-02-14 08:58:29.737801+00:00,ID4491
71,Turning & Milling,2012-02-14 09:29:26.822848+00:00,2012-02-14 09:29:26.822848+00:00,2012-02-14 10:27:26.731608+00:00,ID4429
62,Lapping,2012-02-15 05:15:32.641993+00:00,2012-02-15 06:24:00.000000+00:00,2012-02-15 06:48:35.708877+00:00,ID4882
62,Round Grinding,2012-02-15 06:48:38.736749+00:00,2012-02-15 06:48:38.736750+00:00,2012-02-15 11:35:38.736750+00:00,ID3854
79,Turning,2012-02-15 07:04:14.912650+00:00,2012-02-15 08:00:00.000000+00:00,2012-02-15 08:00:00.000001+00:00,ID3718
79,Lapping,2012-02-15 08:00:43.668562+00:00,2012-02-16 17:36:00.000000+00:00,2012-02-16 17:36:31.644035+00:00,ID0998
67,Turning & Milling Q.C.,2012-02-15 10:50:14.171302+00:00,2012-02-15 11:12:00.000000+00:00,2012-02-15 14:47:44.839658+00:00,ID4163
78,Turning & Milling,2012-02-15 14:06:13.217110+00:00,2012-02-17 13:36:00.000000+00:00,2012-02-17 13:36:01.141086+00:00,ID3846
62,Turning & Milling,2012-02-15 16:19:26.574993+00:00,2012-02-15 16:48:00.000000+00:00,2012-02-15 22:29:27.536080+00:00,ID4718
67,Lapping,2012-02-15 16:47:34.986356+00:00,2012-02-15 16:48:00.000000+00:00,2012-02-15 18:27:00.000000+00:00,ID4355
67,Round Grinding,2012-02-15 18:27:00.044639+00:00,2012-02-15 18:27:00.044639+00:00,2012-02-15 18:27:17.510269+00:00,ID4109
62,Turning & Milling Q.C.,2012-02-15 23:03:36.333857+00:00,2012-02-15 23:12:00.000000+00:00,2012-02-15 23:41:00.000000+00:00,ID4167
62,Round Grinding,2012-02-16 05:54:40.353568+00:00,2012-02-20 06:24:00.000000+00:00,2012-02-20 06:50:50.768950+00:00,ID4385
73,Packing,2012-02-16 06:13:32.541155+00:00,2012-02-16 06:24:00.000000+00:00,2012-02-16 06:24:00.000000+00:00,ID4820
73,Turning & Milling,2012-02-16 06:44:57.208951+00:00,2012-02-16 06:44:57.208951+00:00,2012-02-16 10:23:57.208952+00:00,ID4162
76,Packing,2012-02-16 16:13:37.663178+00:00,2012-02-16 16:13:37.663178+00:00,2012-02-16 16:13:37.663178+00:00,ID4291
82,Packing,2012-02-16 21:46:49.339011+00:00,2012-02-16 22:24:00.000000+00:00,2012-02-16 22:24:00.000000+00:00,ID4491
79,Round Grinding,2012-02-17 00:43:38.136183+00:00,2012-02-17 06:24:00.000000+00:00,2012-02-17 08:16:55.937333+00:00,ID4160
74,Packing,2012-02-17 02:00:01.166315+00:00,2012-02-17 06:24:00.000000+00:00,2012-02-17 06:24:00.000000+00:00,ID4820
82,Turning & Milling,2012-02-17 04:27:06.377205+00:00,2012-02-17 06:24:00.000000+00:00,2012-02-17 06:24:00.000000+00:00,ID4140
80,Packing,2012-02-17 06:32:41.590042+00:00,2012-02-17 06:32:41.590042+00:00,2012-02-17 06:32:41.590042+00:00,ID4291
80,Turning & Milling,2012-02-17 06:40:35.772070+00:00,2012-02-17 14:24:00.000000+00:00,2012-02-17 14:42:05.459287+00:00,ID4219
74,Turning & Milling,2012-02-17 06:59:40.457213+00:00,2012-02-17 06:59:40.457214+00:00,2012-02-17 08:10:40.457214+00:00,ID4872
83,Packing,2012-02-17 16:56:49.968712+00:00,2012-02-17 19:12:00.000000+00:00,2012-02-17 19:12:00.000000+00:00,ID4491
85,Packing,2012-02-17 20:18:25.540348+00:00,2012-02-19 06:24:00.000000+00:00,2012-02-19 06:24:00.000000+00:00,ID4820
86,Packing,2012-02-17 21:30:14.515505+00:00,2012-02-18 00:48:00.000000+00:00,2012-02-18 00:48:00.000000+00:00,ID4291
83,Turning & Milling,2012-02-17 21:37:19.672680+00:00,2012-02-18 20:00:00.000000+00:00,2012-02-18 20:01:13.204705+00:00,ID4794
76,Turning & Milling,2012-02-18 02:31:26.419609+00:00,2012-02-18 16:00:00.000000+00:00,2012-02-18 16:00:00.000000+00:00,ID4445
84,Packing,2012-02-18 07:45:43.565227+00:00,2012-02-18 16:00:00.000000+00:00,2012-02-18 16:00:00.000000+00:00,ID4491
51,Lapping,2012-02-18 10:16:29.053929+00:00,2012-02-18 16:00:00.000000+00:00,2012-02-18 17:16:37.467059+00:00,ID0420
51,Final Inspection Q.C.,2012-02-18 23:45:19.625608+00:00,2012-02-19 21:36:00.000000+00:00,2012-02-19 21:36:00.000000+00:00,ID4618
85,Turning & Milling,2012-02-19 07:52:30.527064+00:00,2012-02-19 08:00:00.000000+00:00,2012-02-19 15:24:00.000001+00:00,ID4783
77,Packing,2012-02-19 08:32:26.843440+00:00,2012-02-19 08:32:26.843441+00:00,2012-02-19 08:32:26.843441+00:00,ID4291
77,Turning & Milling,2012-02-19 10:12:14.551933+00:00,2012-02-20 17:36:00.000000+00:00,2012-02-20 17:38:14.144644+00:00,ID0997
84,Turning & Milling,2012-02-19 13:01:58.718961+00:00,2012-02-19 13:01:58.718961+00:00,2012-02-19 14:16:58.718961+00:00,ID4287
86,Turning & Milling,2012-02-19 14:37:32.841932+00:00,2012-02-19 14:37:32.841931+00:00,2012-02-19 15:06:05.056674+00:00,ID4932
89,Packing,2012-02-19 20:30:27.538434+00:00,2012-02-19 22:24:00.000000+00:00,2012-02-19 22:24:00.000000+00:00,ID4491
73,Lapping,2012-02-19 20:42:26.604186+00:00,2012-02-19 22:24:00.000000+00:00,2012-02-19 22:34:19.782167+00:00,ID4528
81,Packing,2012-02-19 20:51:04.583313+00:00,2012-02-20 06:24:00.000000+00:00,2012-02-20 06:24:00.000000+00:00,ID4820
89,Turning & Milling,2012-02-19 23:25:23.114188+00:00,2012-02-21 17:36:00.000000+00:00,2012-02-21 17:36:00.011511+00:00,ID4641
51,Turning & Milling,2012-02-19 23:43:16.207750+00:00,2012-02-20 02:24:00.000000+00:00,2012-02-20 02:39:00.000000+00:00,ID0937
84,Flat Grinding,2012-02-20 00:35:11.680972+00:00,2012-02-20 02:24:00.000000+00:00,2012-02-20 02:24:00.000000+00:00,ID3716
90,Packing,2012-02-20 02:11:08.222537+00:00,2012-02-20 02:24:00.000000+00:00,2012-02-20 02:24:00.000000+00:00,ID4291
90,Turning & Milling,2012-02-20 02:40:12.714657+00:00,2012-02-20 02:40:12.714657+00:00,2012-02-20 08:21:52.343352+00:00,ID4529
87,Flat Grinding,2012-02-20 04:14:08.582867+00:00,2012-02-20 06:24:00.000000+00:00,2012-02-20 06:24:53.676844+00:00,ID4882
87,Lapping,2012-02-20 06:34:35.223664+00:00,2012-02-20 06:34:35.223664+00:00,2012-02-20 06:49:35.223664+00:00,ID4355
62,Turning & Milling Q.C.,2012-02-20 08:10:08.921616+00:00,2012-02-20 08:10:08.921616+00:00,2012-02-20 08:34:35.471576+00:00,ID4493
62,Turning & Milling,2012-02-20 08:19:47.597710+00:00,2012-02-20 08:19:47.597710+00:00,2012-02-20 08:23:57.030105+00:00,ID4429
62,Round Grinding,2012-02-20 08:34:35.518747+00:00,2012-02-20 08:34:35.518747+00:00,2012-02-20 16:57:35.518747+00:00,ID3854
62,Round Grinding,2012-02-20 08:46:01.361637+00:00,2012-02-20 08:46:01.361637+00:00,2012-02-20 14:45:32.106534+00:00,ID4163
81,Turning Q.C.,2012-02-20 11:08:18.435486+00:00,2012-02-20 13:36:00.000000+00:00,2012-02-20 13:44:21.274056+00:00,ID4287
87,Round Grinding,2012-02-20 13:09:45.106320+00:00,2012-02-20 13:36:00.000000+00:00,2012-02-20 13:37:37.461164+00:00,ID4109
91,Packing,2012-02-20 16:50:34.547022+00:00,2012-02-20 16:50:34.547022+00:00,2012-02-20 16:50:34.547022+00:00,ID4491
91,Turning & Milling,2012-02-21 01:02:13.727064+00:00,2012-02-21 23:12:00.000000+00:00,2012-02-21 23:12:04.575043+00:00,ID4132
80,Lapping,2012-02-21 06:01:46.894989+00:00,2012-02-21 18:24:00.000000+00:00,2012-02-21 18:26:21.868889+00:00,ID0998
81,Turning & Milling,2012-02-21 06:20:22.899400+00:00,2012-02-21 06:24:00.000000+00:00,2012-02-21 06:28:59.090511+00:00,ID4718
81,Turning & Milling,2012-02-21 06:20:22.899400+00:00,2012-02-21 06:24:00.000000+00:00,2012-02-21 06:24:20.734182+00:00,ID4167
88,Packing,2012-02-21 09:23:38.791083+00:00,2012-02-21 09:23:38.791082+00:00,2012-02-21 09:23:38.791082+00:00,ID4291
88,Turning & Milling,2012-02-21 09:40:51.890460+00:00,2012-02-21 09:40:51.890460+00:00,2012-02-21 12:19:51.890461+00:00,ID4162
51,Flat Grinding,2012-02-21 13:51:18.409884+00:00,2012-02-21 13:51:18.409884+00:00,2012-02-21 14:06:53.747478+00:00,ID4872
96,Flat Grinding,2012-02-21 17:35:50.407447+00:00,2012-02-21 17:35:50.407447+00:00,2012-02-21 17:35:50.407447+00:00,ID0420
80,Round Grinding,2012-02-21 18:38:25.774036+00:00,2012-02-21 18:38:25.774036+00:00,2012-02-21 20:13:48.754170+00:00,ID4160
92,Packing,2012-02-21 20:26:54.864030+00:00,2012-02-22 06:24:00.000000+00:00,2012-02-22 06:24:00.000000+00:00,ID4820
62,Grinding Rework,2012-02-21 20:29:16.523041+00:00,2012-02-21 20:29:16.523040+00:00,2012-02-22 02:27:15.737967+00:00,ID4528
80,Turning & Milling Q.C.,2012-02-21 21:27:39.328698+00:00,2012-02-22 13:36:00.000000+00:00,2012-02-22 13:36:00.000000+00:00,ID4618
80,Turning & Milling,2012-02-21 22:59:31.283705+00:00,2012-02-21 22:59:31.283705+00:00,2012-02-21 22:59:31.283705+00:00,ID4140
91,Lapping,2012-02-21 23:12:10.641378+00:00,2012-02-22 02:24:00.000000+00:00,2012-02-22 02:56:00.000000+00:00,ID4445
51,Turn & Mill. & Screw Assem,2012-02-22 02:41:34.003777+00:00,2012-02-22 03:12:00.000000+00:00,2012-02-22 03:45:27.876301+00:00,ID3846
91,Round Grinding,2012-02-22 02:59:39.940763+00:00,2012-02-22 02:59:39.940763+00:00,2012-02-22 03:33:17.194435+00:00,ID0937
95,Packing,2012-02-22 04:39:55.989351+00:00,2012-02-22 04:39:55.989351+00:00,2012-02-22 04:39:55.989351+00:00,ID4491
95,Turning & Milling,2012-02-22 04:46:11.344663+00:00,2012-02-22 16:00:00.000000+00:00,2012-02-22 16:16:10.765200+00:00,ID4219
92,Turning & Milling,2012-02-22 06:45:22.686674+00:00,2012-02-22 12:48:00.000000+00:00,2012-02-22 12:49:12.576358+00:00,ID4794
62,Final Inspection Q.C.,2012-02-22 14:39:55.548325+00:00,2012-02-22 14:39:55.548325+00:00,2012-02-22 18:34:57.787679+00:00,ID4493
80,Grinding Rework,2012-02-22 14:56:15.352925+00:00,2012-02-22 14:56:15.352925+00:00,2012-02-22 18:44:15.352926+00:00,ID4882
73,Final Inspection Q.C.,2012-02-22 15:55:31.961466+00:00,2012-02-22 16:48:00.000000+00:00,2012-02-22 23:20:32.584117+00:00,ID4287
98,Packing,2012-02-22 16:19:50.609853+00:00,2012-02-22 16:48:00.000000+00:00,2012-02-22 16:48:00.000000+00:00,ID4291
97,Packing,2012-02-22 17:31:24.839727+00:00,2012-02-22 18:24:00.000000+00:00,2012-02-22 18:24:00.000000+00:00,ID4491
98,Turning & Milling,2012-02-22 18:27:17.388651+00:00,2012-02-22 18:27:17.388651+00:00,2012-02-22 23:25:01.554341+00:00,ID4932
91,Final Inspection Q.C.,2012-02-22 18:36:26.759311+00:00,2012-02-22 18:36:26.759311+00:00,2012-02-22 18:36:28.371960+00:00,ID4163
100,Flat Grinding,2012-02-22 19:29:34.354683+00:00,2012-02-22 21:36:00.000000+00:00,2012-02-22 21:36:00.000000+00:00,ID3716
51,Turning & Milling Q.C.,2012-02-22 20:58:52.350871+00:00,2012-02-22 21:36:00.000000+00:00,2012-02-22 21:51:00.000000+00:00,ID4529
93,Packing,2012-02-22 21:21:28.440511+00:00,2012-02-23 06:24:00.000000+00:00,2012-02-23 06:24:00.000000+00:00,ID4820
100,Turn & Mill. & Screw Assem,2012-02-22 23:57:17.748301+00:00,2012-02-23 09:36:00.000000+00:00,2012-02-23 09:42:15.685474+00:00,ID4641
94,Flat Grinding,2012-02-23 02:37:24.716436+00:00,2012-02-23 06:24:00.000000+00:00,2012-02-23 06:39:04.141970+00:00,ID4872
97,Turning & Milling,2012-02-23 07:54:57.086679+00:00,2012-02-23 08:00:00.000000+00:00,2012-02-23 15:24:00.000001+00:00,ID4783
93,Turning & Milling,2012-02-23 08:14:03.857488+00:00,2012-02-23 08:14:03.857487+00:00,2012-02-23 08:22:23.019903+00:00,ID4429
80,Final Inspection Q.C.,2012-02-23 12:11:03.166974+00:00,2012-02-23 12:11:03.166974+00:00,2012-02-23 12:15:18.187836+00:00,ID4618
51,Lapping,2012-02-23 12:11:09.971493+00:00,2012-02-23 12:11:09.971493+00:00,2012-02-23 12:26:09.971493+00:00,ID4355
80,Turning & Milling,2012-02-23 12:18:50.148610+00:00,2012-02-23 18:24:00.000000+00:00,2012-02-23 18:24:31.261305+00:00,ID0997
73,Packing,2012-02-23 13:21:34.149647+00:00,2012-02-23 13:21:34.149647+00:00,2012-02-23 13:21:34.149647+00:00,ID4291
100,Turning & Milling Q.C.,2012-02-23 13:27:32.251129+00:00,2012-02-23 13:27:32.251129+00:00,2012-02-23 13:56:32.251129+00:00,ID4167
62,Final Inspection Q.C.,2012-02-23 14:44:01.011600+00:00,2012-02-23 14:44:01.011600+00:00,2012-02-23 16:28:09.591134+00:00,ID4493
100,Flat Grinding,2012-02-23 20:58:39.121015+00:00,2012-02-23 22:24:00.000000+00:00,2012-02-23 22:24:00.000000+00:00,ID0420
100,Lapping,2012-02-23 22:24:00.053650+00:00,2012-02-24 16:48:00.000000+00:00,2012-02-24 16:48:24.004087+00:00,ID0998
94,Turn & Mill. & Screw Assem,2012-02-24 13:51:24.183440+00:00,2012-02-24 13:51:24.183440+00:00,2012-02-24 19:41:53.989674+00:00,ID3846
100,Round Grinding,2012-02-24 16:48:24.004087+00:00,2012-02-27 06:24:00.000000+00:00,2012-02-27 06:24:00.277188+00:00,ID4385
80,Lapping,2012-02-24 20:41:54.011478+00:00,2012-02-25 00:48:00.000000+00:00,2012-02-25 16:34:16.319642+00:00,ID4528
94,Turning & Milling Q.C.,2012-02-25 07:52:05.077114+00:00,2012-02-25 16:00:00.000000+00:00,2012-02-25 16:15:00.000000+00:00,ID0937
62,Grinding Rework,2012-02-25 09:13:09.972523+00:00,2012-02-25 16:00:00.000000+00:00,2012-02-25 16:36:00.000001+00:00,ID4882
51,Final Inspection Q.C.,2012-02-25 10:26:50.617393+00:00,2012-02-25 16:00:00.000000+00:00,2012-02-25 17:04:04.909681+00:00,ID4163
99,Packing,2012-02-25 15:11:05.482383+00:00,2012-02-25 16:00:00.000000+00:00,2012-02-25 16:00:00.000000+00:00,ID4491
62,Final Inspection Q.C.,2012-02-25 21:10:26.682241+00:00,2012-02-26 06:24:00.000000+00:00,2012-02-26 06:24:32.454303+00:00,ID4287
62,Turning & Milling,2012-02-25 21:42:47.843248+00:00,2012-02-26 06:24:00.000000+00:00,2012-02-26 06:31:56.336050+00:00,ID4718
51,Packing,2012-02-25 23:35:35.655635+00:00,2012-02-26 06:24:00.000000+00:00,2012-02-26 06:24:00.000000+00:00,ID4820
62,Packing,2012-02-26 02:53:42.913033+00:00,2012-02-26 06:24:00.000000+00:00,2012-02-26 06:24:00.000000+00:00,ID4291
62,Nitration Q.C.,2012-02-26 16:39:44.343364+00:00,2012-02-26 21:36:00.000000+00:00,2012-02-26 21:39:00.000000+00:00,ID4618
102,Packing,2012-02-27 00:38:35.150248+00:00,2012-02-27 02:24:00.000000+00:00,2012-02-27 02:24:00.000000+00:00,ID4491
102,Turning & Milling,2012-02-27 03:14:18.597958+00:00,2012-02-27 06:24:00.000000+00:00,2012-02-27 21:39:00.000001+00:00,ID4162
100,Final Inspection Q.C.,2012-02-27 07:26:52.831453+00:00,2012-02-27 08:00:00.000000+00:00,2012-02-27 22:24:49.896155+00:00,ID4493
102,Lapping,2012-02-27 21:39:54.252772+00:00,2012-02-27 21:39:54.252772+00:00,2012-02-27 22:35:54.252772+00:00,ID4445
101,Packing,2012-02-27 23:34:24.957416+00:00,2012-02-28 03:12:00.000000+00:00,2012-02-28 03:12:00.000000+00:00,ID4291
101,Turning & Milling,2012-02-28 04:13:45.370779+00:00,2012-02-28 06:24:00.000000+00:00,2012-02-28 06:24:00.000000+00:00,ID4140
99,Turning Q.C.,2012-02-28 07:04:52.249232+00:00,2012-02-28 08:00:00.000000+00:00,2012-02-28 08:51:59.842504+00:00,ID4287
99,Turning & Milling,2012-02-28 13:13:21.354678+00:00,2012-02-28 23:12:00.000000+00:00,2012-02-28 23:41:21.658899+00:00,ID4132
105,Packing,2012-02-28 14:40:07.562059+00:00,2012-02-29 06:24:00.000000+00:00,2012-02-29 06:24:00.000000+00:00,ID4820
85,Lapping,2012-02-28 20:34:20.940893+00:00,2012-02-28 20:34:20.940893+00:00,2012-02-28 22:34:56.953191+00:00,ID4872
85,Round Grinding,2012-02-28 23:35:10.210136+00:00,2012-02-29 02:24:00.000000+00:00,2012-02-29 02:24:03.269747+00:00,ID4109
85,Grinding Rework,2012-02-29 02:24:03.271466+00:00,2012-02-29 02:24:03.271466+00:00,2012-02-29 06:49:17.770771+00:00,ID4355
85,Turning & Milling,2012-02-29 03:06:42.441223+00:00,2012-02-29 12:48:00.000000+00:00,2012-02-29 12:49:19.598723+00:00,ID4794
85,Turning & Milling Q.C.,2012-02-29 04:53:54.424715+00:00,2012-02-29 06:24:00.000000+00:00,2012-02-29 06:39:00.000000+00:00,ID4529
108,Packing,2012-02-29 08:25:18.438921+00:00,2012-02-29 08:25:18.438922+00:00,2012-02-29 08:25:18.438922+00:00,ID4491
105,Turning & Milling,2012-02-29 10:04:47.949060+00:00,2012-02-29 16:00:00.000000+00:00,2012-02-29 16:41:12.942625+00:00,ID4219
106,Packing,2012-02-29 12:25:04.563184+00:00,2012-02-29 13:36:00.000000+00:00,2012-02-29 13:36:00.000000+00:00,ID4291
103,Packing,2012-02-29 14:22:12.426760+00:00,2012-03-01 06:24:00.000000+00:00,2012-03-01 06:24:00.000000+00:00,ID4820
106,Turning & Milling,2012-02-29 15:29:32.974263+00:00,2012-02-29 16:48:00.000000+00:00,2012-02-29 18:29:29.828846+00:00,ID4932
109,Flat Grinding,2012-02-29 18:12:28.062643+00:00,2012-02-29 18:24:00.000000+00:00,2012-02-29 18:24:00.000000+00:00,ID3716
110,Packing,2012-02-29 20:29:40.452088+00:00,2012-02-29 21:36:00.000000+00:00,2012-02-29 21:36:00.000000+00:00,ID4491
96,Nitration Q.C.,2012-02-29 21:36:59.188647+00:00,2012-03-01 06:24:00.000000+00:00,2012-03-01 06:27:00.000000+00:00,ID4618
85,Final Inspection Q.C.,2012-02-29 22:22:28.222811+00:00,2012-02-29 22:24:00.000000+00:00,2012-02-29 22:42:11.386430+00:00,ID4163
85,Turning & Milling,2012-03-01 04:41:21.643884+00:00,2012-03-01 06:24:00.000000+00:00,2012-03-01 08:59:42.648012+00:00,ID4429
108,Turning & Milling,2012-03-01 05:29:33.014501+00:00,2012-03-01 09:36:00.000000+00:00,2012-03-01 09:36:00.002575+00:00,ID4641
96,Laser Marking,2012-03-01 06:31:22.224491+00:00,2012-03-01 17:36:00.000000+00:00,2012-03-01 17:37:18.068726+00:00,ID0998
85,Lapping,2012-03-01 09:00:02.885899+00:00,2012-03-01 09:00:02.885899+00:00,2012-03-01 10:06:00.285409+00:00,ID0420
112,Turning,2012-03-01 09:16:20.128204+00:00,2012-03-01 09:16:20.128204+00:00,2012-03-01 09:16:20.128204+00:00,ID4442
84,Nitration Q.C.,2012-03-01 09:22:18.243291+00:00,2012-03-01 09:22:18.243290+00:00,2012-03-01 09:23:18.243290+00:00,ID4493
108,Lapping,2012-03-01 09:37:25.224304+00:00,2012-03-01 09:37:25.224304+00:00,2012-03-01 09:52:25.224304+00:00,ID0937
85,Final Inspection Q.C.,2012-03-01 10:43:07.105662+00:00,2012-03-01 10:43:07.105663+00:00,2012-03-01 11:26:40.510247+00:00,ID4287
103,Turning & Milling,2012-03-01 12:29:45.842129+00:00,2012-03-01 12:29:45.842129+00:00,2012-03-01 13:14:38.409852+00:00,ID4167
106,Lapping,2012-03-01 15:49:55.464510+00:00,2012-03-01 15:49:55.464510+00:00,2012-03-01 17:13:42.693756+00:00,ID4528
111,Packing,2012-03-01 16:29:33.633154+00:00,2012-03-01 16:29:33.633154+00:00,2012-03-01 16:29:33.633154+00:00,ID4291
108,Round Grinding,2012-03-01 16:50:14.826527+00:00,2012-03-01 16:50:14.826527+00:00,2012-03-01 18:13:14.826527+00:00,ID3854
84,Laser Marking,2012-03-01 16:58:00.703848+00:00,2012-03-01 16:58:00.703848+00:00,2012-03-01 17:30:53.853496+00:00,ID4882
111,Turning & Milling,2012-03-01 17:04:09.875524+00:00,2012-03-01 17:04:09.875523+00:00,2012-03-03 16:16:09.875524+00:00,ID4783
108,Turning & Milling,2012-03-01 18:30:42.144885+00:00,2012-03-01 18:30:42.144885+00:00,2012-03-01 18:30:49.396903+00:00,ID0997
112,Turning Q.C.,2012-03-01 20:41:42.809190+00:00,2012-03-02 14:24:00.000000+00:00,2012-03-02 14:37:47.612751+00:00,ID4618
108,Turning & Milling Q.C.,2012-03-01 23:53:48.671339+00:00,2012-03-02 06:24:00.000000+00:00,2012-03-02 06:39:00.000000+00:00,ID4529
108,Round Grinding,2012-03-02 06:52:59.039864+00:00,2012-03-02 06:52:59.039864+00:00,2012-03-02 08:01:40.180746+00:00,ID4160
84,Final Inspection Q.C.,2012-03-02 09:11:17.892189+00:00,2012-03-02 13:36:00.000000+00:00,2012-03-03 18:38:05.797075+00:00,ID4163
108,Final Inspection Q.C.,2012-03-02 17:53:15.399369+00:00,2012-03-02 19:12:00.000000+00:00,2012-03-03 16:13:41.339189+00:00,ID4493
107,Packing,2012-03-02 19:07:32.345697+00:00,2012-03-02 19:12:00.000000+00:00,2012-03-02 19:12:00.000000+00:00,ID4491
106,Final Inspection Q.C.,2012-03-02 23:49:40.020265+00:00,2012-03-03 00:48:00.000000+00:00,2012-03-03 18:05:10.273603+00:00,ID4287
107,Turning & Milling,2012-03-03 01:01:08.728527+00:00,2012-03-04 16:00:00.000000+00:00,2012-03-04 16:01:27.340169+00:00,ID3846
85,Packing,2012-03-03 14:52:25.495633+00:00,2012-03-04 06:24:00.000000+00:00,2012-03-04 06:24:00.000000+00:00,ID4820
111,Lapping,2012-03-03 16:42:08.660589+00:00,2012-03-03 16:42:08.660590+00:00,2012-03-03 17:14:08.660590+00:00,ID4445
111,Round Grinding,2012-03-03 17:14:08.660590+00:00,2012-03-05 06:24:00.000000+00:00,2012-03-05 06:24:51.863173+00:00,ID4385
110,Turning Q.C.,2012-03-03 17:22:33.018005+00:00,2012-03-04 21:36:00.000000+00:00,2012-03-04 21:36:51.106878+00:00,ID4618
106,Turning & Milling,2012-03-03 18:46:17.293971+00:00,2012-03-03 18:46:17.293971+00:00,2012-03-03 18:48:09.204891+00:00,ID4718
108,Packing,2012-03-03 19:14:21.932665+00:00,2012-03-03 19:14:21.932665+00:00,2012-03-03 19:14:21.932665+00:00,ID4291
108,Turning & Milling,2012-03-03 20:42:17.815719+00:00,2012-03-03 20:42:17.815719+00:00,2012-03-04 09:57:17.815720+00:00,ID4162
113,Packing,2012-03-04 05:47:34.818720+00:00,2012-03-04 06:24:00.000000+00:00,2012-03-04 06:24:00.000000+00:00,ID4491
114,Flat Grinding,2012-03-04 05:53:21.019597+00:00,2012-03-04 06:24:00.000000+00:00,2012-03-04 06:49:03.678134+00:00,ID4872
113,Turning & Milling,2012-03-04 06:34:24.982747+00:00,2012-03-04 06:34:24.982747+00:00,2012-03-04 06:34:24.982747+00:00,ID4140
104,Packing,2012-03-04 08:56:58.236342+00:00,2012-03-04 08:56:58.236341+00:00,2012-03-04 08:56:58.236341+00:00,ID4291
114,Turn & Mill. & Screw Assem,2012-03-04 08:58:19.285526+00:00,2012-03-04 08:58:19.285526+00:00,2012-03-04 10:08:19.285526+00:00,ID4932
108,Grinding Rework,2012-03-04 09:07:32.549704+00:00,2012-03-04 09:07:32.549704+00:00,2012-03-04 09:57:08.722845+00:00,ID4355
104,Turning & Milling,2012-03-04 09:18:34.137567+00:00,2012-03-06 00:48:00.000000+00:00,2012-03-06 00:58:04.164490+00:00,ID4132
85,Turning & Milling,2012-03-04 09:31:49.708026+00:00,2012-03-05 13:36:00.000000+00:00,2012-03-05 13:42:25.195919+00:00,ID4794
114,Turning & Milling Q.C.,2012-03-04 12:33:57.027984+00:00,2012-03-04 12:33:57.027984+00:00,2012-03-04 12:48:57.027984+00:00,ID0937
108,Final Inspection Q.C.,2012-03-04 12:50:32.850617+00:00,2012-03-04 12:50:32.850617+00:00,2012-03-04 15:12:13.966343+00:00,ID4493
108,Turning & Milling,2012-03-04 16:20:23.621477+00:00,2012-03-07 00:48:00.000000+00:00,2012-03-07 00:54:08.127200+00:00,ID4219
115,Packing,2012-03-04 19:36:06.464801+00:00,2012-03-04 22:24:00.000000+00:00,2012-03-04 22:24:00.000000+00:00,ID4491
110,Turning & Milling,2012-03-04 23:14:39.301026+00:00,2012-03-05 02:24:00.000000+00:00,2012-03-05 02:39:57.954239+00:00,ID4429
110,Turning & Milling,2012-03-04 23:14:39.301026+00:00,2012-03-06 17:36:00.000000+00:00,2012-03-06 17:36:00.243248+00:00,ID4641
115,Turning & Milling,2012-03-05 02:42:08.042658+00:00,2012-03-05 02:42:08.042658+00:00,2012-03-05 13:47:05.569266+00:00,ID4167
107,Lapping,2012-03-05 05:02:36.293903+00:00,2012-03-05 06:24:00.000000+00:00,2012-03-05 08:18:17.074026+00:00,ID0420
111,Turning & Milling Q.C.,2012-03-05 07:17:47.926446+00:00,2012-03-05 08:00:00.000000+00:00,2012-03-05 08:15:00.000000+00:00,ID4529
111,Round Grinding,2012-03-05 09:11:29.650611+00:00,2012-03-05 13:36:00.000000+00:00,2012-03-05 13:37:13.114242+00:00,ID4109
117,Packing,2012-03-05 11:12:27.244080+00:00,2012-03-06 06:24:00.000000+00:00,2012-03-06 06:24:00.000000+00:00,ID4820
62,Nitration Q.C.,2012-03-05 12:21:21.965099+00:00,2012-03-05 13:36:00.000000+00:00,2012-03-05 13:36:00.000000+00:00,ID4287
111,Turning & Milling Q.C.,2012-03-05 15:54:04.495729+00:00,2012-03-05 16:48:00.000000+00:00,2012-03-05 16:48:18.344893+00:00,ID4163
107,Final Inspection Q.C.,2012-03-05 20:11:23.993317+00:00,2012-03-05 21:36:00.000000+00:00,2012-03-06 08:13:13.635696+00:00,ID4493
111,Turning & Milling,2012-03-05 21:33:59.230762+00:00,2012-03-06 00:48:00.000000+00:00,2012-03-06 00:49:03.964338+00:00,ID0997
117,Turning & Milling,2012-03-06 07:09:35.559402+00:00,2012-03-06 08:00:00.000000+00:00,2012-03-06 15:24:00.000001+00:00,ID4783
111,Turning & Milling,2012-03-06 07:24:53.431272+00:00,2012-03-06 08:00:00.000000+00:00,2012-03-06 08:00:00.000000+00:00,ID4445
116,Packing,2012-03-06 15:37:32.395983+00:00,2012-03-06 15:37:32.395982+00:00,2012-03-06 15:37:32.395982+00:00,ID4291
110,Lapping,2012-03-06 17:36:02.348808+00:00,2012-03-06 17:36:02.348808+00:00,2012-03-06 18:07:19.516649+00:00,ID4528
111,Grinding Rework,2012-03-06 22:01:26.873447+00:00,2012-03-06 22:24:00.000000+00:00,2012-03-07 02:24:00.000001+00:00,ID4882
111,Grinding Rework,2012-03-06 22:01:28.011835+00:00,2012-03-08 17:36:00.000000+00:00,2012-03-08 17:36:00.000000+00:00,ID0998
118,Turning,2012-03-07 00:00:03.001305+00:00,2012-03-07 02:24:00.000000+00:00,2012-03-07 02:24:00.000001+00:00,ID3718
110,Final Inspection Q.C.,2012-03-07 02:44:50.025177+00:00,2012-03-07 13:36:00.000000+00:00,2012-03-07 13:36:00.093510+00:00,ID4618
120,Lapping,2012-03-07 11:13:25.334642+00:00,2012-03-07 11:13:25.334641+00:00,2012-03-07 13:43:50.026388+00:00,ID4872
111,Final Inspection Q.C.,2012-03-07 12:30:38.842842+00:00,2012-03-07 13:36:00.000000+00:00,2012-03-07 14:26:15.763779+00:00,ID4287
116,Turning & Milling,2012-03-07 13:12:20.137208+00:00,2012-03-07 13:36:00.000000+00:00,2012-03-07 13:38:45.660236+00:00,ID4718
120,Round Grinding,2012-03-07 14:01:42.338494+00:00,2012-03-07 14:24:00.000000+00:00,2012-03-07 18:59:00.000000+00:00,ID3854
121,Packing,2012-03-07 18:09:12.052905+00:00,2012-03-07 18:24:00.000000+00:00,2012-03-07 18:24:00.000000+00:00,ID4491
120,Packing,2012-03-07 18:38:23.588747+00:00,2012-03-08 06:24:00.000000+00:00,2012-03-08 06:24:00.000000+00:00,ID4820
120,Turning & Milling Q.C.,2012-03-07 20:41:05.634029+00:00,2012-03-07 21:36:00.000000+00:00,2012-03-07 21:51:00.000000+00:00,ID0937
120,Turning & Milling,2012-03-07 20:48:34.738997+00:00,2012-03-07 21:36:00.000000+00:00,2012-03-07 21:36:00.000000+00:00,ID4140
124,Turning,2012-03-07 22:22:30.272430+00:00,2012-03-07 22:24:00.000000+00:00,2012-03-07 22:24:00.000000+00:00,ID4442
124,Turning Q.C.,2012-03-07 22:29:54.258052+00:00,2012-03-07 22:29:54.258052+00:00,2012-03-07 23:16:53.350339+00:00,ID4493
96,Final Inspection Q.C.,2012-03-07 23:33:59.362349+00:00,2012-03-07 23:33:59.362349+00:00,2012-03-08 01:59:25.482645+00:00,ID4163
122,Packing,2012-03-08 02:59:02.077941+00:00,2012-03-08 06:24:00.000000+00:00,2012-03-08 06:24:00.000000+00:00,ID4291
121,Turning & Milling,2012-03-08 06:14:20.612201+00:00,2012-03-08 06:24:00.000000+00:00,2012-03-08 10:03:00.000001+00:00,ID4162
122,Turning & Milling,2012-03-08 06:31:15.367519+00:00,2012-03-08 06:31:15.367518+00:00,2012-03-08 14:43:12.315843+00:00,ID4932
62,Laser Marking,2012-03-08 07:31:46.547544+00:00,2012-03-08 08:00:00.000000+00:00,2012-03-08 08:51:15.930866+00:00,ID4355
62,Laser Marking,2012-03-08 07:47:03.631091+00:00,2012-03-10 20:00:00.000000+00:00,2012-03-10 20:38:00.000000+00:00,ID4794
62,Turning & Milling,2012-03-08 09:16:27.876465+00:00,2012-03-09 13:36:00.000000+00:00,2012-03-09 13:36:01.060497+00:00,ID3846
119,Packing,2012-03-08 11:27:53.373773+00:00,2012-03-08 11:27:53.373773+00:00,2012-03-08 11:27:53.373773+00:00,ID4491
94,Lapping,2012-03-08 12:08:21.310512+00:00,2012-03-08 12:08:21.310512+00:00,2012-03-08 13:24:44.122220+00:00,ID0420
125,Packing,2012-03-08 13:32:00.815068+00:00,2012-03-08 13:32:00.815068+00:00,2012-03-08 13:32:00.815068+00:00,ID4291
125,Turning & Milling,2012-03-08 13:52:10.612536+00:00,2012-03-08 13:52:10.612535+00:00,2012-03-08 14:36:03.786516+00:00,ID4429
111,Turning & Milling Q.C.,2012-03-08 13:54:18.424065+00:00,2012-03-08 13:54:18.424065+00:00,2012-03-08 14:09:18.424065+00:00,ID4529
125,Lapping,2012-03-08 14:36:10.584285+00:00,2012-03-08 14:36:10.584285+00:00,2012-03-08 15:08:10.584285+00:00,ID4445
94,Final Inspection Q.C.,2012-03-08 18:06:25.507351+00:00,2012-03-09 14:24:00.000000+00:00,2012-03-09 14:24:00.000009+00:00,ID4618
111,Turning & Milling,2012-03-08 21:13:01.592944+00:00,2012-03-08 22:24:00.000000+00:00,2012-03-11 08:27:05.807068+00:00,ID4167
123,Packing,2012-03-08 22:34:53.710799+00:00,2012-03-09 06:24:00.000000+00:00,2012-03-09 06:24:00.000000+00:00,ID4820
111,Turning & Milling,2012-03-08 23:25:28.851909+00:00,2012-03-09 13:36:00.000000+00:00,2012-03-09 13:36:00.000377+00:00,ID0997
119,Turning & Milling,2012-03-09 00:50:59.638195+00:00,2012-03-09 03:12:00.000000+00:00,2012-03-09 03:12:01.531965+00:00,ID4132
118,Turning Q.C.,2012-03-09 02:06:59.568179+00:00,2012-03-09 06:24:00.000000+00:00,2012-03-09 08:41:48.766135+00:00,ID4287
126,Packing,2012-03-09 02:32:46.911992+00:00,2012-03-09 06:24:00.000000+00:00,2012-03-09 06:24:00.000000+00:00,ID4491
110,Packing,2012-03-09 03:26:31.097881+00:00,2012-03-09 06:24:00.000000+00:00,2012-03-09 06:24:00.000000+00:00,ID4291
120,Turning & Milling,2012-03-09 06:25:26.862179+00:00,2012-03-09 06:25:26.862180+00:00,2012-03-10 20:37:26.862181+00:00,ID4783
126,Turning Q.C.,2012-03-09 06:26:11.752723+00:00,2012-03-09 06:26:11.752724+00:00,2012-03-09 08:21:01.474826+00:00,ID4493
110,Turning Q.C.,2012-03-09 07:41:40.198794+00:00,2012-03-09 08:21:01.474826+00:00,2012-03-09 08:23:39.229635+00:00,ID4493
125,Final Inspection Q.C.,2012-03-09 09:00:50.832441+00:00,2012-03-09 13:36:00.000000+00:00,2012-03-09 13:39:29.398977+00:00,ID4163
110,Turning & Milling,2012-03-09 10:32:44.698857+00:00,2012-03-09 12:48:00.000000+00:00,2012-03-09 12:48:00.000043+00:00,ID4641
125,Packing,2012-03-09 19:20:21.462262+00:00,2012-03-09 19:20:21.462263+00:00,2012-03-09 19:20:21.462263+00:00,ID4291
126,Turning & Milling,2012-03-10 08:55:48.497400+00:00,2012-03-11 13:36:00.000000+00:00,2012-03-11 13:38:17.183274+00:00,ID4219
126,Turning & Milling,2012-03-10 08:55:48.497400+00:00,2012-03-10 16:00:00.000000+00:00,2012-03-10 18:11:12.947346+00:00,ID4718
108,Nitration Q.C.,2012-03-10 15:13:13.676321+00:00,2012-03-10 16:00:00.000000+00:00,2012-03-10 16:01:00.000000+00:00,ID4493
123,Turning & Milling,2012-03-10 18:35:14.621340+00:00,2012-03-10 18:35:14.621340+00:00,2012-03-10 18:46:14.621340+00:00,ID4872
120,Milling,2012-03-11 00:34:01.918777+00:00,2012-03-11 13:36:00.000000+00:00,2012-03-11 13:42:43.803107+00:00,ID4326
62,Turning & Milling,2012-03-11 02:58:08.835106+00:00,2012-03-11 06:24:00.000000+00:00,2012-03-11 06:24:00.000000+00:00,ID4140
108,Laser Marking,2012-03-11 06:47:00.040058+00:00,2012-03-11 06:47:00.040058+00:00,2012-03-11 06:47:00.040058+00:00,ID4528
108,Final Inspection Q.C.,2012-03-11 07:17:44.462729+00:00,2012-03-11 08:00:00.000000+00:00,2012-03-11 08:11:49.464184+00:00,ID4287
62,Turning & Milling,2012-03-11 16:36:14.559939+00:00,2012-03-11 16:36:14.559938+00:00,2012-03-11 22:27:14.559938+00:00,ID0937
108,Packing,2012-03-11 17:43:03.639323+00:00,2012-03-12 06:24:00.000000+00:00,2012-03-12 06:24:00.000000+00:00,ID4820
120,Final Inspection Q.C.,2012-03-11 20:52:46.066735+00:00,2012-03-11 22:24:00.000000+00:00,2012-03-11 22:38:46.231950+00:00,ID4163
120,Turning & Milling,2012-03-12 00:33:32.698449+00:00,2012-03-12 02:24:00.000000+00:00,2012-03-12 14:39:00.000001+00:00,ID4162
108,Turning & Milling,2012-03-12 06:50:23.333877+00:00,2012-03-12 06:50:23.333878+00:00,2012-03-12 13:40:42.251620+00:00,ID4529
108,Lapping,2012-03-12 14:07:21.913143+00:00,2012-03-12 14:24:00.000000+00:00,2012-03-12 14:31:45.580496+00:00,ID4882
108,Round Grinding,2012-03-12 14:31:45.580496+00:00,2012-03-12 14:31:45.580496+00:00,2012-03-13 06:38:52.709693+00:00,ID4160
109,Lapping,2012-03-12 22:56:34.648862+00:00,2012-03-12 22:56:34.648863+00:00,2012-03-13 03:23:34.648863+00:00,ID4355
80,Round Grinding,2012-03-13 02:19:52.134567+00:00,2012-03-13 06:24:00.000000+00:00,2012-03-13 06:24:00.000022+00:00,ID4385
111,Nitration Q.C.,2012-03-13 02:28:04.559827+00:00,2012-03-13 06:24:00.000000+00:00,2012-03-13 06:27:00.000000+00:00,ID4618
111,Laser Marking,2012-03-13 06:29:00.026029+00:00,2012-03-13 06:29:00.026029+00:00,2012-03-13 06:29:00.026029+00:00,ID4932
108,Turning & Milling Q.C.,2012-03-13 10:03:33.655261+00:00,2012-03-13 10:03:33.655261+00:00,2012-03-13 12:50:24.067836+00:00,ID4493
80,Turning & Milling,2012-03-13 11:24:27.620294+00:00,2012-03-13 11:24:27.620294+00:00,2012-03-13 13:40:54.147238+00:00,ID4429
109,Round Grinding,2012-03-13 15:04:36.589271+00:00,2012-03-13 15:04:36.589270+00:00,2012-03-13 15:05:02.055107+00:00,ID4109
108,Turning & Milling,2012-03-13 18:53:47.192108+00:00,2012-03-13 18:53:47.192109+00:00,2012-03-13 18:53:47.192109+00:00,ID4445
108,Grinding Rework,2012-03-13 22:10:59.610678+00:00,2012-03-15 17:36:00.000000+00:00,2012-03-15 17:36:00.000000+00:00,ID0998
111,Flat Grinding,2012-03-13 22:33:46.108872+00:00,2012-03-13 22:33:46.108872+00:00,2012-03-13 22:33:46.108872+00:00,ID3716
111,Final Inspection Q.C.,2012-03-14 02:43:44.135209+00:00,2012-03-14 02:43:44.135209+00:00,2012-03-14 11:59:04.419292+00:00,ID4287
80,Turning & Milling Q.C.,2012-03-14 08:34:31.485759+00:00,2012-03-14 08:34:31.485759+00:00,2012-03-14 11:27:31.485759+00:00,ID4167
111,Turning & Milling,2012-03-14 13:10:18.926227+00:00,2012-03-15 15:12:00.000000+00:00,2012-03-15 15:13:30.843459+00:00,ID4132
108,Final Inspection Q.C.,2012-03-15 21:27:43.135749+00:00,2012-03-15 22:24:00.000000+00:00,2012-03-15 22:24:27.776309+00:00,ID4163
80,Round Grinding,2012-03-16 23:00:37.466884+00:00,2012-03-17 00:48:00.000000+00:00,2012-03-17 17:11:00.000000+00:00,ID3854
95,Lapping,2012-03-17 09:18:12.735779+00:00,2012-03-17 16:00:00.000000+00:00,2012-03-17 17:08:10.503092+00:00,ID0420
62,Lapping,2012-03-17 14:36:25.142857+00:00,2012-03-17 16:00:00.000000+00:00,2012-03-17 16:55:13.956185+00:00,ID4872
108,Packing,2012-03-17 15:26:31.217553+00:00,2012-03-17 16:00:00.000000+00:00,2012-03-17 16:00:00.000000+00:00,ID4491
108,Turning & Milling,2012-03-17 16:33:15.998166+00:00,2012-03-18 09:36:00.000000+00:00,2012-03-18 09:36:00.018312+00:00,ID4641
95,Final Inspection Q.C.,2012-03-17 19:15:06.245937+00:00,2012-03-18 21:36:00.000000+00:00,2012-03-18 21:36:00.001766+00:00,ID4618
80,Turning & Milling,2012-03-17 19:52:36.025433+00:00,2012-03-19 17:36:00.000000+00:00,2012-03-19 17:36:00.041293+00:00,ID0997
80,Turning & Milling Q.C.,2012-03-18 07:17:11.128671+00:00,2012-03-18 08:00:00.000000+00:00,2012-03-18 08:15:00.000000+00:00,ID0937
120,Grinding Rework,2012-03-19 05:44:48.750537+00:00,2012-03-19 06:24:00.000000+00:00,2012-03-19 06:24:42.709690+00:00,ID4528
80,Turning & Milling Q.C.,2012-03-19 20:56:56.497940+00:00,2012-03-19 21:36:00.000000+00:00,2012-03-19 21:51:00.000000+00:00,ID4529
62,Lapping,2012-03-19 22:18:23.658990+00:00,2012-03-19 22:24:00.000000+00:00,2012-03-19 22:55:40.771761+00:00,ID4882
80,Lapping,2012-03-20 06:12:39.584338+00:00,2012-03-20 06:24:00.000000+00:00,2012-03-20 06:39:00.000000+00:00,ID4355
80,Round Grinding,2012-03-21 12:20:32.035657+00:00,2012-03-21 13:36:00.000000+00:00,2012-03-21 13:36:02.920513+00:00,ID4385
80,Round Grinding,2012-03-21 12:20:32.111829+00:00,2012-03-21 13:36:00.000000+00:00,2012-03-21 23:57:26.158225+00:00,ID4160
80,Turning & Milling,2012-03-22 00:08:28.714821+00:00,2012-03-23 13:36:00.000000+00:00,2012-03-23 13:36:00.032151+00:00,ID3846
120,Final Inspection Q.C.,2012-03-22 12:30:02.003726+00:00,2012-03-22 12:30:02.003726+00:00,2012-03-22 14:34:22.226752+00:00,ID4493
80,Turning & Milling Q.C.,2012-03-22 19:19:31.844578+00:00,2012-03-22 19:19:31.844578+00:00,2012-03-22 19:48:31.844578+00:00,ID4167
126,Lapping,2012-03-23 11:00:07.159051+00:00,2012-03-23 13:36:00.000000+00:00,2012-03-23 19:20:00.000000+00:00,ID4445
80,Final Inspection Q.C.,2012-03-23 18:23:46.685202+00:00,2012-03-23 19:12:00.000000+00:00,2012-03-23 19:26:01.260468+00:00,ID4287
126,Round Grinding,2012-03-23 19:23:24.752327+00:00,2012-03-23 19:23:24.752327+00:00,2012-03-23 19:24:59.111065+00:00,ID4109
80,Turning & Milling,2012-03-23 23:23:47.445002+00:00,2012-03-24 00:48:00.000000+00:00,2012-03-24 00:48:29.005590+00:00,ID4718
126,Final Inspection Q.C.,2012-03-23 23:53:03.758649+00:00,2012-03-24 00:48:00.000000+00:00,2012-03-24 00:57:56.654166+00:00,ID4163
80,Lapping,2012-03-24 00:48:30.418013+00:00,2012-03-25 23:12:00.000000+00:00,2012-03-25 23:29:13.810643+00:00,ID0998
80,Grinding Rework,2012-03-24 06:55:25.660817+00:00,2012-03-24 16:00:00.000000+00:00,2012-03-24 16:10:29.371332+00:00,ID4872
126,Packing,2012-03-24 12:57:10.586677+00:00,2012-03-24 16:00:00.000000+00:00,2012-03-24 16:00:00.000000+00:00,ID4291
80,Nitration Q.C.,2012-03-25 03:34:49.533006+00:00,2012-03-25 21:36:00.000000+00:00,2012-03-25 21:39:00.000000+00:00,ID4618
120,Packing,2012-03-25 05:36:44.121108+00:00,2012-03-25 06:24:00.000000+00:00,2012-03-25 06:24:00.000000+00:00,ID4820
80,Round Grinding,2012-03-25 23:29:33.473682+00:00,2012-03-26 02:24:00.000000+00:00,2012-03-26 08:38:03.520294+00:00,ID0420
80,Turning & Milling,2012-03-26 08:53:45.169519+00:00,2012-03-26 13:36:00.000000+00:00,2012-03-27 11:48:00.000001+00:00,ID4783
80,Turning & Milling Q.C.,2012-03-26 09:19:29.518447+00:00,2012-03-26 13:36:00.000000+00:00,2012-03-26 13:51:00.000000+00:00,ID0937
126,Turning Q.C.,2012-03-27 04:36:16.156906+00:00,2012-03-27 06:24:00.000000+00:00,2012-03-27 08:00:17.238876+00:00,ID4493
80,Laser Marking,2012-03-27 08:05:17.157711+00:00,2012-03-27 08:48:00.000000+00:00,2012-03-27 13:50:00.000000+00:00,ID4794
120,Turning Q.C.,2012-03-28 04:29:54.294049+00:00,2012-03-28 04:29:54.294049+00:00,2012-03-28 04:41:23.811796+00:00,ID4287
120,Turning & Milling,2012-03-28 06:59:40.043979+00:00,2012-03-28 06:59:40.043979+00:00,2012-03-28 06:59:40.043979+00:00,ID4140
120,Turning & Milling,2012-03-28 22:58:48.123159+00:00,2012-03-29 23:12:00.000000+00:00,2012-03-29 23:12:25.210290+00:00,ID4219
80,Grinding Rework,2012-04-01 17:32:47.091693+00:00,2012-04-01 22:24:00.000000+00:00,2012-04-01 22:24:01.021577+00:00,ID4528
80,Grinding Rework,2012-04-02 05:46:22.858668+00:00,2012-04-02 06:24:00.000000+00:00,2012-04-02 08:00:00.000001+00:00,ID4882
80,Grinding Rework,2012-04-02 07:33:24.418096+00:00,2012-04-02 08:00:00.000000+00:00,2012-04-02 14:25:43.456577+00:00,ID4355
80,Lapping,2012-04-02 16:36:19.789207+00:00,2012-04-02 16:48:00.000000+00:00,2012-04-02 21:56:00.000000+00:00,ID4445
62,Lapping,2012-04-02 21:41:00.804583+00:00,2012-04-02 21:41:00.804583+00:00,2012-04-02 21:51:51.244636+00:00,ID4872
62,Round Grinding,2012-04-02 22:11:41.255877+00:00,2012-04-02 22:24:00.000000+00:00,2012-04-03 03:59:00.000000+00:00,ID3854
62,Round Grinding,2012-04-02 22:11:41.258135+00:00,2012-04-02 23:12:00.000000+00:00,2012-04-02 23:12:06.178817+00:00,ID4385
80,Final Inspection Q.C.,2012-04-02 23:20:55.423560+00:00,2012-04-03 03:12:00.000000+00:00,2012-04-03 12:05:18.256319+00:00,ID4163
62,Turning & Milling,2012-04-03 04:06:52.380477+00:00,2012-04-03 06:24:00.000000+00:00,2012-04-03 10:03:00.000001+00:00,ID4162
62,Turning & Milling,2012-04-03 08:47:31.339861+00:00,2012-04-03 08:47:31.339862+00:00,2012-04-03 09:37:04.200455+00:00,ID4932
62,Grinding Rework,2012-04-03 19:10:26.168667+00:00,2012-04-03 20:00:00.000000+00:00,2012-04-03 20:00:00.000000+00:00,ID0998
62,Final Inspection Q.C.,2012-04-03 21:31:14.186842+00:00,2012-04-04 13:36:00.000000+00:00,2012-04-04 13:36:00.150600+00:00,ID4618
62,Grinding Rework,2012-04-03 22:53:49.597920+00:00,2012-04-03 22:53:49.597920+00:00,2012-04-04 03:33:00.188462+00:00,ID4528
62,Turning & Milling Q.C.,2012-04-04 04:13:03.724978+00:00,2012-04-04 04:13:03.724978+00:00,2012-04-04 04:28:03.724978+00:00,ID4529
62,Turning & Milling Q.C.,2012-04-04 04:13:03.724978+00:00,2012-04-04 04:13:03.724978+00:00,2012-04-04 04:42:03.724978+00:00,ID4167
62,Final Inspection Q.C.,2012-04-04 05:26:32.324463+00:00,2012-04-04 06:24:00.000000+00:00,2012-04-04 18:33:03.708995+00:00,ID4493
62,Turning & Milling Q.C.,2012-04-04 05:56:31.308004+00:00,2012-04-04 06:24:00.000000+00:00,2012-04-04 06:39:00.000000+00:00,ID0937
62,Final Inspection Q.C.,2012-04-04 13:36:00.150600+00:00,2012-04-04 13:36:00.150600+00:00,2012-04-04 22:43:58.309518+00:00,ID4287
62,Turning & Milling Q.C.,2012-04-04 14:57:23.705912+00:00,2012-04-04 14:57:23.705912+00:00,2012-04-04 14:58:16.939633+00:00,ID4163
62,Turning & Milling,2012-04-04 15:48:31.730731+00:00,2012-04-04 16:48:00.000000+00:00,2012-04-04 22:39:37.514573+00:00,ID4429
62,Packing,2012-04-04 19:43:12.656060+00:00,2012-04-04 21:36:00.000000+00:00,2012-04-04 21:36:00.000000+00:00,ID4491
62,Turning & Milling,2012-04-04 23:07:05.005613+00:00,2012-04-05 15:12:00.000000+00:00,2012-04-05 15:12:00.000000+00:00,ID4132
62,Turning & Milling,2012-04-05 00:31:27.711983+00:00,2012-04-05 09:36:00.000000+00:00,2012-04-05 09:36:00.000000+00:00,ID4641
62,Turning Rework,2012-04-05 07:56:23.705912+00:00,2012-04-05 08:00:00.000000+00:00,2012-04-05 08:36:00.000000+00:00,ID4442
80,Final Inspection Q.C.,2012-04-06 02:01:47.590405+00:00,2012-04-06 14:24:00.000000+00:00,2012-04-06 14:24:00.007678+00:00,ID4618
80,Final Inspection Q.C.,2012-04-06 07:36:42.649164+00:00,2012-04-06 08:00:00.000000+00:00,2012-04-06 13:59:56.518890+00:00,ID4163
62,Round Grinding,2012-04-07 06:07:13.223062+00:00,2012-04-07 16:00:00.000000+00:00,2012-04-07 16:56:58.907823+00:00,ID4160
62,Round Grinding,2012-04-07 06:07:13.223062+00:00,2012-04-07 16:00:00.000000+00:00,2012-04-07 16:00:24.120717+00:00,ID4109
62,Turning & Milling,2012-04-07 20:34:16.251905+00:00,2012-04-09 17:36:00.000000+00:00,2012-04-09 17:44:32.926006+00:00,ID0997
62,Turning & Milling,2012-04-07 23:08:52.521373+00:00,2012-04-08 16:00:00.000000+00:00,2012-04-08 16:01:00.218574+00:00,ID3846
62,Grinding Rework,2012-04-07 23:39:48.794767+00:00,2012-04-08 06:24:00.000000+00:00,2012-04-08 08:00:00.000001+00:00,ID4882
62,Grinding Rework,2012-04-08 04:23:06.185647+00:00,2012-04-08 06:24:00.000000+00:00,2012-04-08 09:56:53.460491+00:00,ID4355
62,Turning & Milling Q.C.,2012-04-08 06:31:43.458585+00:00,2012-04-08 06:31:43.458584+00:00,2012-04-08 06:46:43.458584+00:00,ID4529
62,Turning & Milling Q.C.,2012-04-08 09:27:05.979157+00:00,2012-04-08 09:27:05.979157+00:00,2012-04-08 09:56:05.979157+00:00,ID4167
80,Final Inspection Q.C.,2012-04-08 23:31:27.306290+00:00,2012-04-09 02:24:00.000000+00:00,2012-04-09 02:44:13.249374+00:00,ID4493
80,Final Inspection Q.C.,2012-04-09 07:22:29.665327+00:00,2012-04-09 08:00:00.000000+00:00,2012-04-09 08:17:13.574087+00:00,ID4287
80,Turning & Milling,2012-04-09 08:01:30.311897+00:00,2012-04-09 08:01:30.311897+00:00,2012-04-09 08:11:07.673044+00:00,ID4718
80,Turning & Milling,2012-04-09 08:05:48.672043+00:00,2012-04-09 08:05:48.672043+00:00,2012-04-10 11:05:48.672044+00:00,ID4783
80,Packing,2012-04-09 11:48:36.545604+00:00,2012-04-09 13:36:00.000000+00:00,2012-04-09 13:36:00.000000+00:00,ID4291
80,Turning & Milling,2012-04-09 17:01:03.178915+00:00,2012-04-10 08:48:00.000000+00:00,2012-04-10 08:48:00.000001+00:00,ID4794
80,Turning & Milling,2012-04-09 18:04:04.142515+00:00,2012-04-09 21:36:00.000000+00:00,2012-04-09 21:36:00.000000+00:00,ID4140
62,Final Inspection Q.C.,2012-04-09 19:51:55.717145+00:00,2012-04-09 21:36:00.000000+00:00,2012-04-09 22:48:33.890949+00:00,ID4163
62,Final Inspection Q.C.,2012-04-09 21:11:38.623515+00:00,2012-04-09 21:36:00.000000+00:00,2012-04-09 21:36:17.280856+00:00,ID4618
62,Turning & Milling,2012-04-10 08:14:18.629640+00:00,2012-04-11 00:48:00.000000+00:00,2012-04-11 00:48:37.673296+00:00,ID4219
80,Turning & Milling,2012-04-10 12:20:58.406286+00:00,2012-04-10 12:20:58.406286+00:00,2012-04-10 12:31:58.406286+00:00,ID4872
62,Turning & Milling,2012-04-11 00:42:01.201587+00:00,2012-04-11 02:24:00.000000+00:00,2012-04-11 02:24:00.000000+00:00,ID4445
62,Round Grinding,2012-04-11 01:17:01.400148+00:00,2012-04-11 02:24:00.000000+00:00,2012-04-11 02:37:57.513873+00:00,ID0420
62,Nitration Q.C.,2012-04-11 02:09:51.455847+00:00,2012-04-11 02:24:00.000000+00:00,2012-04-11 02:25:00.000000+00:00,ID4493
62,Grinding Rework,2012-04-11 03:39:48.294066+00:00,2012-04-11 13:36:00.000000+00:00,2012-04-11 22:42:59.999001+00:00,ID4385
62,Turning & Milling Q.C.,2012-04-12 00:47:42.370462+00:00,2012-04-12 00:48:00.000000+00:00,2012-04-12 01:39:00.000000+00:00,ID0937
62,Round Grinding,2012-04-12 01:39:00.491281+00:00,2012-04-12 01:39:00.491280+00:00,2012-04-12 08:26:00.491280+00:00,ID3854
62,Turning & Milling,2012-04-12 08:10:04.265025+00:00,2012-04-12 08:10:04.265025+00:00,2012-04-12 08:52:50.071835+00:00,ID4932
62,Final Inspection Q.C.,2012-04-12 10:26:18.607669+00:00,2012-04-12 10:26:18.607669+00:00,2012-04-12 10:26:44.799692+00:00,ID4287
62,Lapping,2012-04-12 22:59:30.144889+00:00,2012-04-13 16:48:00.000000+00:00,2012-04-13 16:48:52.407610+00:00,ID0998
62,Round Grinding,2012-04-13 16:49:25.327618+00:00,2012-04-13 19:12:00.000000+00:00,2012-04-13 19:41:24.506854+00:00,ID4528
62,Final Inspection Q.C.,2012-04-15 05:43:48.081326+00:00,2012-04-15 21:36:00.000000+00:00,2012-04-15 21:36:00.000000+00:00,ID4618
62,Final Inspection Q.C.,2012-04-15 12:24:18.574979+00:00,2012-04-15 12:24:18.574978+00:00,2012-04-15 12:24:49.620438+00:00,ID4163
62,Packing,2012-04-15 22:52:56.928541+00:00,2012-04-16 06:24:00.000000+00:00,2012-04-16 06:24:00.000000+00:00,ID4820
62,Turning & Milling,2012-04-16 06:43:35.950287+00:00,2012-04-16 06:43:35.950287+00:00,2012-04-16 21:58:35.950288+00:00,ID4162
80,Lapping,2012-04-17 03:42:46.084662+00:00,2012-04-17 03:42:46.084663+00:00,2012-04-17 03:51:10.366371+00:00,ID4882
62,Lapping,2012-04-17 07:02:28.661510+00:00,2012-04-17 08:00:00.000000+00:00,2012-04-17 08:15:00.000000+00:00,ID4355
62,Round Grinding,2012-04-17 08:15:04.061154+00:00,2012-04-17 08:15:04.061154+00:00,2012-04-17 08:15:09.428044+00:00,ID4109
62,Grinding Rework,2012-04-17 08:26:11.391601+00:00,2012-04-17 08:26:11.391601+00:00,2012-04-17 09:07:37.164363+00:00,ID4872
62,Turning & Milling Q.C.,2012-04-17 09:30:17.846314+00:00,2012-04-17 09:30:17.846314+00:00,2012-04-17 09:45:17.846314+00:00,ID4529
62,Nitration Q.C.,2012-04-17 10:13:47.989283+00:00,2012-04-17 10:13:47.989283+00:00,2012-04-17 10:14:47.989283+00:00,ID4493
62,Packing,2012-04-17 19:00:22.855690+00:00,2012-04-17 19:00:22.855690+00:00,2012-04-17 19:00:22.855690+00:00,ID4491
62,Turning & Milling,2012-04-17 19:22:53.094016+00:00,2012-04-17 19:22:53.094016+00:00,2012-04-17 19:38:17.180220+00:00,ID4429
62,Turning & Milling,2012-04-17 19:32:06.988164+00:00,2012-04-17 22:24:00.000000+00:00,2012-04-17 22:24:45.930358+00:00,ID4641
62,Final Inspection Q.C.,2012-04-17 20:52:25.868037+00:00,2012-04-17 22:24:00.000000+00:00,2012-04-17 22:59:33.947285+00:00,ID4287
62,Turning Q.C.,2012-04-18 07:27:49.811311+00:00,2012-04-18 13:36:00.000000+00:00,2012-04-18 13:47:37.122193+00:00,ID4618
62,Lapping,2012-04-18 10:55:41.530832+00:00,2012-04-18 11:12:00.000000+00:00,2012-04-18 11:44:00.000000+00:00,ID4445
62,Round Grinding,2012-04-18 11:44:00.000000+00:00,2012-04-18 11:44:00.000000+00:00,2012-04-18 23:18:26.477312+00:00,ID4160
62,Final Inspection Q.C.,2012-04-19 00:19:23.283576+00:00,2012-04-19 00:48:00.000000+00:00,2012-04-19 01:52:31.007199+00:00,ID4163
62,Turning & Milling,2012-04-19 12:17:52.324999+00:00,2012-04-19 15:12:00.000000+00:00,2012-04-19 15:12:00.069763+00:00,ID4132
62,Turning & Milling,2012-04-19 16:30:32.869661+00:00,2012-04-19 16:30:32.869660+00:00,2012-04-21 18:42:45.669727+00:00,ID4167
62,Packing,2012-04-19 18:47:23.668876+00:00,2012-04-19 18:47:23.668876+00:00,2012-04-19 18:47:23.668876+00:00,ID4291
80,Round Grinding,2012-04-20 18:33:23.454400+00:00,2012-04-20 19:12:00.000000+00:00,2012-04-20 19:29:24.963024+00:00,ID0420
80,Turning & Milling,2012-04-20 22:16:07.948256+00:00,2012-04-22 16:00:00.000000+00:00,2012-04-22 16:00:26.836899+00:00,ID3846
80,Grinding Rework,2012-04-21 00:55:30.426305+00:00,2012-04-23 06:24:00.000000+00:00,2012-04-23 23:18:59.999001+00:00,ID4385
80,Turning & Milling Q.C.,2012-04-21 07:23:30.506086+00:00,2012-04-21 16:00:00.000000+00:00,2012-04-21 16:15:00.000000+00:00,ID0937
80,Turning & Milling Q.C.,2012-04-21 07:23:30.506086+00:00,2012-04-21 16:00:00.000000+00:00,2012-04-21 16:15:00.000000+00:00,ID4529
62,Turning & Milling,2012-04-21 20:26:46.445772+00:00,2012-04-21 20:26:46.445771+00:00,2012-04-22 11:17:23.270295+00:00,ID4718
62,Turning & Milling,2012-04-21 20:36:10.842591+00:00,2012-04-23 17:36:00.000000+00:00,2012-04-23 17:36:02.211237+00:00,ID0997
80,Turning Rework,2012-04-22 09:14:00.000000+00:00,2012-04-22 09:14:00.000000+00:00,2012-04-22 09:50:00.000000+00:00,ID4442
80,Round Grinding,2012-04-22 16:00:26.841043+00:00,2012-04-22 16:00:26.841043+00:00,2012-04-22 22:59:26.841043+00:00,ID3854
80,Final Inspection Q.C.,2012-04-24 08:32:53.326679+00:00,2012-04-24 08:32:53.326678+00:00,2012-04-24 09:33:43.066930+00:00,ID4493
80,Lapping,2012-04-24 12:02:03.369155+00:00,2012-04-24 18:24:00.000000+00:00,2012-04-24 18:24:00.278054+00:00,ID0998
80,Lapping,2012-04-24 14:17:15.757439+00:00,2012-04-24 14:17:15.757440+00:00,2012-04-24 15:07:38.575213+00:00,ID4528
80,Final Inspection Q.C.,2012-04-24 15:13:35.305133+00:00,2012-04-24 15:13:35.305132+00:00,2012-04-24 15:35:56.536240+00:00,ID4287
62,Laser Marking,2012-04-24 15:51:43.677854+00:00,2012-04-25 02:24:00.000000+00:00,2012-04-25 12:50:00.000000+00:00,ID4794
80,Packing,2012-04-24 20:05:31.464712+00:00,2012-04-25 06:24:00.000000+00:00,2012-04-25 06:24:00.000000+00:00,ID4820
80,Turning & Milling,2012-04-24 20:44:45.625166+00:00,2012-04-24 20:44:45.625166+00:00,2012-04-24 20:44:45.625166+00:00,ID4140
80,Turning & Milling,2012-04-25 07:20:31.983799+00:00,2012-04-25 08:00:00.000000+00:00,2012-04-26 09:00:00.001001+00:00,ID4783
80,Round Grinding,2012-04-25 11:31:15.923038+00:00,2012-04-25 11:31:15.923038+00:00,2012-04-25 11:37:56.908420+00:00,ID4355
80,Round Grinding,2012-04-25 11:31:15.923038+00:00,2012-04-25 11:31:15.923038+00:00,2012-04-25 11:32:36.046060+00:00,ID4109
80,Final Inspection Q.C.,2012-04-25 14:48:09.683846+00:00,2012-04-26 06:24:00.000000+00:00,2012-04-26 06:31:20.961869+00:00,ID4618
80,Grinding Rework,2012-04-26 09:00:14.109641+00:00,2012-04-26 09:00:14.109641+00:00,2012-04-26 09:36:14.109642+00:00,ID4882
80,Turning & Milling Q.C.,2012-04-26 10:50:25.974943+00:00,2012-04-26 10:50:25.974943+00:00,2012-04-26 10:50:48.184284+00:00,ID4163
80,Turning & Milling,2012-04-27 00:39:03.664951+00:00,2012-04-27 14:24:00.000000+00:00,2012-04-27 14:27:59.512587+00:00,ID4219
80,Turning & Milling,2012-04-27 04:35:00.321348+00:00,2012-04-27 06:24:00.000000+00:00,2012-04-27 13:54:05.607531+00:00,ID4932
80,Turning & Milling,2012-04-27 04:36:23.751092+00:00,2012-04-27 06:24:00.000000+00:00,2012-04-28 00:51:00.000001+00:00,ID4162
62,Nitration Q.C.,2012-04-27 18:27:27.076434+00:00,2012-04-27 19:12:00.000000+00:00,2012-04-27 19:13:00.000000+00:00,ID4493
80,Lapping,2012-04-28 01:07:14.646880+00:00,2012-04-28 16:00:00.000000+00:00,2012-04-28 16:16:42.196717+00:00,ID4872
80,Final Inspection Q.C.,2012-04-28 20:02:11.187491+00:00,2012-04-28 20:02:11.187491+00:00,2012-04-29 08:33:59.244817+00:00,ID4287
80,Turning & Milling,2012-04-29 09:10:12.846871+00:00,2012-04-29 09:10:12.846871+00:00,2012-04-29 09:36:37.970711+00:00,ID4429
62,Laser Marking,2012-04-30 07:25:10.019870+00:00,2012-04-30 08:00:00.000000+00:00,2012-04-30 08:11:22.415956+00:00,ID4445
62,Final Inspection Q.C.,2012-04-30 10:21:03.398984+00:00,2012-04-30 18:24:00.000000+00:00,2012-04-30 18:24:21.815027+00:00,ID4618
62,Laser Marking,2012-05-01 04:28:49.262400+00:00,2012-05-01 06:24:00.000000+00:00,2012-05-01 06:39:00.000000+00:00,ID0937
62,Turning & Milling,2012-05-01 05:33:14.275753+00:00,2012-05-01 17:36:00.000000+00:00,2012-05-01 17:50:35.469746+00:00,ID4641
62,Lapping,2012-05-03 12:42:50.631841+00:00,2012-05-03 12:42:50.631841+00:00,2012-05-03 13:44:49.776155+00:00,ID0420
62,Final Inspection Q.C.,2012-05-04 02:23:23.313472+00:00,2012-05-04 06:24:00.000000+00:00,2012-05-04 06:26:18.719088+00:00,ID4163
62,Turning & Milling,2012-05-04 14:13:34.545369+00:00,2012-05-05 16:00:00.000000+00:00,2012-05-05 16:00:04.984368+00:00,ID4132
